"id","filename","Url"
"052fb5fa-5081-494c-9bab-f007712404d0","46885.jpg","http://assets.myntassets.com/v1/images/style/properties/5cab6a2305d0e63142f721228aa6d293_images.jpg"
"07247a93-9b0d-440f-bafb-9f69ba076d74","12369.jpg","http://assets.myntassets.com/v1/images/style/properties/8bc9be576081baae77e8561b1132288f_images.jpg"
"16a5adcf-d804-44c0-8376-3f03f2d2f255","29928.jpg","http://assets.myntassets.com/v1/images/style/properties/Police-Men-Black-Dial-Watch_5bd8cae4fc61052a6f00cfcd69c4a936_images.jpg"
"87542d32-7a10-42d2-a430-4d14bdf748ca","42419.jpg","http://assets.myntassets.com/v1/images/style/properties/f3964f76c78edd85f4512d98b26d52e9_images.jpg"
"4384ef16-43e7-4d07-af99-45f71779aec5","51832.jpg","http://assets.myntassets.com/v1/image/style/properties/51832/Bwitch-Beige-Full-Coverage-Bra-BW335_1_d516fa94f14f0a5ecc90df7754390eb5.jpg"
"19f9eae2-49b6-4cf2-8f3a-2c8db8ae48fa","47359.jpg","http://assets.myntassets.com/v1/images/style/properties/b14c7bf275c6edca3e849200fb7cbf6c_images.jpg"
"d0ad9d3b-1c6e-40cf-b119-51007acdcfc3","17429.jpg","http://assets.myntassets.com/assets/images/17429/2018/3/5/11520250143953-CASIO-G-Shock-Men-Black-Digital-Watch-G223-8211520250143786-1.jpg"
"e32331c1-fb27-4142-9d22-968618b224a1","12967.jpg","http://assets.myntassets.com/v1/images/style/properties/c5a22e9ccf9b10e0a89ffbbf3e386584_images.jpg"
"50aabf6b-7612-4b30-8c5f-6e7a3126824a","6842.jpg","http://assets.myntassets.com/v1/images/style/properties/92589dc7416b70f1a5c6a4c1f13d14e3_images.jpg"
"e33dd929-76fd-4597-aeda-b90cf0712d70","13089.jpg","http://assets.myntassets.com/v1/images/style/properties/59912a0287751ff0475c8748dbcf4ea0_images.jpg"
"39d490f2-2441-4bae-8ad3-c5e5846beb54","18461.jpg","http://assets.myntassets.com/v1/images/style/properties/3295fc148576955745c0b259d7968727_images.jpg"
"3fc56b90-6698-4f39-a3c6-cfe9f246deab","9036.jpg","http://assets.myntassets.com/v1/images/style/properties/06edc2da9c6d103d299e5e8dafc5b6b9_images.jpg"
"58b03c5a-d634-482f-9255-a06635356039","48311.jpg","http://assets.myntassets.com/v1/images/style/properties/Pitaraa-Women-Golden-Brass-Bead-Bracelet_179aa06939858b54e8e6c80fe12d94d5_images.jpg"
"216e9f29-e979-4bec-a58f-aeb6b27e52b9","7990.jpg","http://assets.myntassets.com/v1/images/style/properties/296a8c388d05d67346db88af27d3b763_images.jpg"
"8b9cc1d6-c075-4fd7-81f9-b3a82cd21eb8","56019.jpg","http://assets.myntassets.com/assets/images/56019/2019/1/11/49d718c4-6d86-42d1-8d00-1ce4b7851b2c1547190759839-Colorbar-Soft-Touch-Show-Stopper-Copper-Lipstick-037-2715471-1.jpg"
"ed46752e-ddd2-4a79-847a-a88df9798f6b","21977.jpg","http://assets.myntassets.com/v1/images/style/properties/88d0bc675d72477729f38c30332e749a_images.jpg"
"6df46f1a-eaa5-40e0-b5a9-49c0981bd71e","37812.jpg","http://assets.myntassets.com/v1/images/style/properties/3af9f145845d8453a066322de35980af_images.jpg"
"5f763956-10c3-4a04-9b61-6cd6beb712ed","4729.jpg","http://assets.myntassets.com/v1/images/style/properties/0108969213975af06095ff84a0ec0c72_images.jpg"
"830f509c-7110-4aa4-adbb-6b5615a2615a","56825.jpg","http://assets.myntassets.com/v1/images/style/properties/John-Players-Men-Brown-Shirt_7eec3b0568f65dc8f39a534376538551_images.jpg"
"387eec42-1b74-40c2-84b8-b2155a59c413","39988.jpg","http://assets.myntassets.com/v1/images/style/properties/9c3d77147758ab10f12caf6184fe13ef_images.jpg"
"c108973f-20e5-4048-8f42-2efdc75f34d6","59051.jpg","http://assets.myntassets.com/v1/images/style/properties/Carlton-London-Women-Black-Gladiator-Sandals_b8f695202ccc1889f65d57b4000a888f_images.jpg"
"8b423259-6955-47b7-b6b3-ff06debc4a27","20099.jpg","http://assets.myntassets.com/v1/images/style/properties/08a0c29d2ea67ca9449aa54466f6b0a1_images.jpg"
"1ef2c1ad-a06a-413d-9a6e-4d335af401f4","58183.jpg","http://assets.myntassets.com/v1/images/style/properties/Rocky-S-Women-White-Handbag_1440a0abd2ddaf3199965e604831b164_images.jpg"
"d7e9a3eb-bad6-43fa-9d5c-2c9eea91d4bf","29742.jpg","http://assets.myntassets.com/v1/images/style/properties/8b58c65e5634233b165c40cdbbcf58b8_images.jpg"
"5a4f0958-5a4f-4568-8fd3-9f1db7a5a996","51658.jpg","http://assets.myntassets.com/v1/images/style/properties/072af0cd079f20296c72f3594a21f141_images.jpg"
"ea141757-31d7-452a-9c0c-4d4338f6d411","3954.jpg","http://assets.myntassets.com/v1/images/style/properties/b56e261f9206aa95e42c43f4e62d0e5a_images.jpg"
"f9b1ebbb-1d6b-4dd5-854c-409573cfe4d5","18839.jpg","http://assets.myntassets.com/v1/images/style/properties/Peter-England-Men-Formal-Black-Beltbc472bd919c505690ecbc1eed8af7fbf_images.jpg"
"bc533f51-532a-43db-b373-9ee622923059","2886.jpg","http://assets.myntassets.com/v1/images/style/properties/94a9deea53125663d9bbe61cb38b84b4_images.jpg"
"9aebb5b2-76ca-4792-a25a-216b5f995d63","23278.jpg","http://assets.myntassets.com/v1/images/style/properties/93aa34922c6446706c003ba2255747f5_images.jpg"
"6e7fb003-83fb-490d-9682-6403770fc7e6","28690.jpg","http://assets.myntassets.com/v1/images/style/properties/df0a23e732654c5e7db3888e39393e79_images.jpg"
"48771062-063e-4b74-b9bf-d0f73484b93e","8580.jpg","http://assets.myntassets.com/v1/images/style/properties/0d2e2ceaaf6d09d447caad678b2edbe6_images.jpg"
"1d510bca-45ee-4754-951e-737a9beb6051","3168.jpg","http://assets.myntassets.com/v1/images/style/properties/4eff2353c62ec8b7bca9fbbaf5996bd2_images.jpg"
"ade427ce-045d-4e02-8023-74dddbb6b4a1","18005.jpg","http://assets.myntassets.com/v1/images/style/properties/91ca48e3204f23cd376fad7f186875bf_images.jpg"
"c94d31cc-ae3f-40df-b70f-50684ba4462b","17871.jpg","http://assets.myntassets.com/v1/images/style/properties/155353efc674d253e30c213ca07bbb0b_images.jpg"
"c84051ee-96b2-4c8b-a0c5-38e198edc00d","9452.jpg","http://assets.myntassets.com/v1/images/style/properties/5e557eb0be7c6420f7c7a6bbaa432993_images.jpg"
"5051f24e-af54-432d-9bfe-b452a2b5c7d1","38402.jpg","http://assets.myntassets.com/v1/images/style/properties/2eb3aa5eefb3319f10f7815100a18e3c_images.jpg"
"29fb89f5-771d-4315-9e0c-fe745be1a7c6","44984.jpg","http://assets.myntassets.com/v1/images/style/properties/676dd802241d46a5ce28c78d1dabbc5a_images.jpg"
"ccd7f54e-97af-4e3c-b186-b49a3304a6f7","10268.jpg","http://assets.myntassets.com/v1/images/style/properties/2976e4095e7b3ae2de99df54d2adeaaa_images.jpg"
"40b3753e-885b-4e42-b87b-dd7013ab77f8","45856.jpg","http://assets.myntassets.com/v1/images/style/properties/fee54b57fcd02b7c07d42b0918025099_images.jpg"
"ca0cfa82-7831-485f-ac61-2f39af610f8a","32138.jpg","http://assets.myntassets.com/v1/images/style/properties/Playboy-Men-Blue-Titanium-Briefs_5c63c52edabbab43f6aefc52842d73f2_images.jpg"
"59e30a4f-9f0d-4b47-b633-70a1de76ed49","59435.jpg","http://assets.myntassets.com/v1/images/style/properties/Arrow-Men-Black-Formal-Shoes_70a3c7c185338a5636c8c0e668829bb6_images.jpg"
"de43b255-597f-4503-86a5-78fa5a8d507c","5891.jpg","http://assets.myntassets.com/v1/images/style/properties/02e4e32cd9d09052f0ec3d46fa747d39_images.jpg"
"42b86522-8d1a-437c-9d03-9c76b2245caf","38630.jpg","http://assets.myntassets.com/v1/images/style/properties/206a0614c4644cd8816576efd47d60d8_images.jpg"
"a2220102-4c72-47a8-8831-960a2fdb835b","4943.jpg","http://assets.myntassets.com/v1/images/style/properties/1aae016d0abb224cfc18e6bd9bb01ad1_images.jpg"
"2bd5b5af-b3b0-4948-8092-baf178931e24","11188.jpg","http://assets.myntassets.com/v1/images/style/properties/b2959d44db543af13d78492225a830de_images.jpg"
"a5ae7aea-019e-4928-b957-d259a789bbee","10866.jpg","http://assets.myntassets.com/v1/images/style/properties/b34550bc6415dcd66892de4ef2837fd9_images.jpg"
"33ab3531-2dfc-493b-a6cb-5cee001347ec","59607.jpg","http://assets.myntassets.com/v1/images/style/properties/FNF-Green-Collection-for-Wedding-Wear-Sari_6c60eef0b8d9cff87cfcd1f73953e5cd_images.jpg"
"7fb9acce-027f-45b7-b6d5-e7aa039059a1","15528.jpg","http://assets.myntassets.com/v1/images/style/properties/cd16e955e4b6b3f9d7089c15652a3f00_images.jpg"
"4c62c92b-4c4c-4406-a4a6-53d118309b65","45258.jpg","http://assets.myntassets.com/v1/images/style/properties/b8024bdd3fc47c2b20bd840f89811979_images.jpg"
"3896e911-0dbc-4045-9838-115e3665da6e","42841.jpg","http://assets.myntassets.com/v1/images/style/properties/97d3bb4a71c9f7da88305ce9144d8576_images.jpg"
"711f5263-500e-4ea7-a303-d2bc152ea2b0","22198.jpg","http://assets.myntassets.com/v1/images/style/properties/70e74ca34b3b534b19d6b006d5bfad0a_images.jpg"
"5242f11e-b0f8-4420-8862-54869814f94a","29570.jpg","http://assets.myntassets.com/v1/images/style/properties/49f884ddf4420d869ad143857d3bc33d_images.jpg"
"5bfe5d1d-d7c1-4dad-b88a-ca2762a6a5dd","43993.jpg","http://assets.myntassets.com/v1/images/style/properties/438c41900a80acabb3ef197f0559a9eb_images.jpg"
"53dc6c93-b13c-48b1-bcd6-4c0b35ba9094","6628.jpg","http://assets.myntassets.com/v1/images/style/properties/0707b75d2d44e9cec9d27c944294ddbe_images.jpg"
"a167bbe5-8881-4ae8-828b-b11b0b02ae2b","54924.jpg","http://assets.myntassets.com/v1/images/style/properties/Do-u-speak-green-Men-Blue-Shorts_40b6775eae62124195817a64d4ae4a93_images.jpg"
"4c0879cc-8732-4049-b057-970b8dfbacc1","26538.jpg","http://assets.myntassets.com/v1/images/style/properties/6a6ebc47eaf2fe034bcfd94060a285ba_images.jpg"
"6fe9a9fc-ec82-4635-9674-5b30904442e8","35913.jpg","http://assets.myntassets.com/v1/images/style/properties/73bc7d63943231e4df1c7b7600496a3d_images.jpg"
"d90f7bfc-8301-48a7-af9d-65efc7aee0a0","49495.jpg","http://assets.myntassets.com/v1/images/style/properties/Vans-Men-Khaki-Shoes_dcaf7c703e9c0396650529df2b2a8893_images.jpg"
"90c58931-b068-48d2-abfb-5b581057f230","9660.jpg","http://assets.myntassets.com/v1/images/style/properties/0be615f02ae1f1cfe78155555a79007c_images.jpg"
"dd2b870a-3747-4c58-8108-1e689ec09e71","2288.jpg","http://assets.myntassets.com/v1/images/style/properties/135f9aa8141d682fc218393049c70324_images.jpg"
"b0f688bd-2d42-4d6a-b712-fcc5bd969676","23876.jpg","http://assets.myntassets.com/v1/images/style/properties/fcd52c6506b43f3af116a62c2ea81204_images.jpg"
"686d53e3-54e5-478a-b526-8127d6fa31a2","18237.jpg","http://assets.myntassets.com/v1/images/style/properties/eba1c1b241555d8afa3f7232ed2c6933_images.jpg"
"57899c1b-e47d-41fb-b62f-3a9c980c3bee","54118.jpg","http://assets.myntassets.com/v1/images/style/properties/8d6fd53f28e010658cdf5c14c43d0cb0_images.jpg"
"7702bd9b-d696-4363-a2d5-a6c7d24178d4","2872.jpg","http://assets.myntassets.com/v1/images/style/properties/4d90e05b9e99e203b3ce191439619bcb_images.jpg"
"ea325023-986e-4e88-b6ee-ca663b1f6b09","49653.jpg","http://assets.myntassets.com/v1/images/style/properties/fe446adf94f9beb301b61bfc75a70bfa_images.jpg"
"70cef6ad-c3e1-4eda-bf76-846878dedf56","8574.jpg","http://assets.myntassets.com/v1/images/style/properties/0be6693dafb4261645b22c6e9e7e67f4_images.jpg"
"f2208e28-60c8-42ea-ae6f-f68dad8892be","16957.jpg","http://assets.myntassets.com/v1/images/style/properties/Image-Men-Classic-Eyewear-Black-Sunglasses_a37f3b87d0d05062ed063adc7aac78bf_images.jpg"
"9e37d7c3-5aa1-4a77-b8c4-fd90bb0db697","19123.jpg","http://assets.myntassets.com/v1/images/style/properties/69482728a521cbd2ba571e36016d5f63_images.jpg"
"adf2998b-0315-4125-86c1-5d74777330e5","13419.jpg","http://assets.myntassets.com/v1/images/style/properties/8d7f0bbb0bdefcbcc692bcdf4a6400ee_images.jpg"
"d48cd787-bdf5-4041-b012-b2ea27d6b2d0","17885.jpg","http://assets.myntassets.com/v1/images/style/properties/c5c095c0e09eb200aa8d57457c53ec07_images.jpg"
"45f9a96e-6a9c-4805-ab32-da3281ba8ec1","43369.jpg","http://assets.myntassets.com/v1/images/style/properties/647838a2e988ab55b76c9aa9ddd15ad7_images.jpg"
"9fa3bbe3-564a-4b72-a543-46a8ed2a0913","48781.jpg","http://assets.myntassets.com/v1/images/style/properties/aff52e6e6bc208923a493612e8f6a3e7_images.jpg"
"1451be9f-8cd0-416b-9e89-a9eec07cf894","44970.jpg","http://assets.myntassets.com/v1/images/style/properties/80c170d3a8e46c81f22ecebd1f772d32_images.jpg"
"b52924e5-c335-426a-8070-0d83f4f82d34","56489.jpg","http://assets.myntassets.com/v1/images/style/properties/Streetwear-Ash-Nail-Polish--31_21d33100dbf0e4b8bb0b33a980de469b_images.jpg"
"f998ae17-c68b-4264-9e2b-308b583dbe07","39524.jpg","http://assets.myntassets.com/v1/images/style/properties/1847a81fa1d237bfbae1e797dff55909_images.jpg"
"83f6ced2-6f44-443f-a880-5ef349e394d3","33822.jpg","http://assets.myntassets.com/v1/images/style/properties/52ad8ae288ba080d88a116b3c70305ec_images.jpg"
"d736d3cf-3b58-4deb-8e1f-1a01f1fc2dea","58513.jpg","http://assets.myntassets.com/v1/images/style/properties/Tonga-Women-Maroon-Top_e5cc855ba59e5640817434d45f9c088d_images.jpg"
"52a27c31-7c75-4a03-89a7-f08359269342","25947.jpg","http://assets.myntassets.com/v1/images/style/properties/aeb9132a29d8844aca73a4544d8135c5_images.jpg"
"38a55a31-e8db-4026-86ba-47ae90e47763","52029.jpg","http://assets.myntassets.com/v1/images/style/properties/cbc319393da4e3d0eb140d3c8a045d2c_images.jpg"
"017f9094-ac2b-42b0-be19-88d0eab73002","5865.jpg","http://assets.myntassets.com/v1/images/style/properties/2d986dbf9e5f64e3ab8471120c557db4_images.jpg"
"decaaff0-f6e5-4d4e-9a9e-73b284d2067c","39716.jpg","http://assets.myntassets.com/v1/images/style/properties/c5b0d7c1f0308be020655bc10ca16427_images.jpg"
"ddf5d645-0a5a-4b84-9787-ae0ad4a08560","25349.jpg","http://assets.myntassets.com/v1/images/style/properties/07f0136ab41d3167b3d1e8b84cfc5107_images.jpg"
"1db1a80a-15ce-430c-a3b2-31e0e5268555","11940.jpg","http://assets.myntassets.com/v1/images/style/properties/b23f1e70aec0102c360fb9dfdc476023_images.jpg"
"a9b4609e-01c8-4ca5-ae5b-7128fb125e3a","55802.jpg","http://assets.myntassets.com/v1/images/style/properties/SDL-by-Sweet-Dreams-Women-White-Pyjama-Set_debea45adf6bdb5816030e5d05b53d2f_images.jpg"
"7d8178ab-5fff-4a7f-8add-6af518269e46","29584.jpg","http://assets.myntassets.com/v1/images/style/properties/7a1bc7d255671c7f4b85f1b1b35e945b_images.jpg"
"4fedbf83-af60-4c67-a1cd-79a76e4490c7","43967.jpg","http://assets.myntassets.com/v1/images/style/properties/2965814bbf6d6a14e720c712941b323c_images.jpg"
"e9175fed-9db2-4576-958c-0b79ad9b250b","28456.jpg","http://assets.myntassets.com/v1/images/style/properties/c3a37f190933411b11c0fa488bc8bc4d_images.jpg"
"357deebe-0765-4778-a886-93dd82e4764b","34009.jpg","http://assets.myntassets.com/v1/images/style/properties/dce310e4c15223a6c964631190263284_images.jpg"
"496a584b-c6e4-4e2f-9e1b-c8599694069f","19311.jpg","http://assets.myntassets.com/v1/images/style/properties/ac5a2fb9462db16f4cf5fc0f3616a9e6_images.jpg"
"e45bf4a1-9310-41a1-abe4-2af68cba8642","42089.jpg","http://assets.myntassets.com/v1/images/style/properties/5059a8f382c53105f1bdce6780543934_images.jpg"
"7577490a-aec8-42d7-8c5e-a1b27dfb8173","22950.jpg","http://assets.myntassets.com/v1/images/style/properties/1de1449cc15d68bc4e53fac49a1e0e18_images.jpg"
"83f71708-89de-41fe-b76b-db2af2af953c","49461.jpg","http://assets.myntassets.com/v1/images/style/properties/Vans-Men-Blue-Casual-Shoes_f9ad04b071e06c34a04e2c0a047d58a1_images.jpg"
"39f8767b-e2cf-4c9e-a4d3-7f9bcb0989f6","8746.jpg","http://assets.myntassets.com/v1/images/style/properties/Crocs-Kids-Navy-Blue-Clogs_dd0334757683ef726ca116cc7b8b6012_images.jpg"
"31f85013-846c-43ea-a201-427a5a3f632c","9694.jpg","http://assets.myntassets.com/v1/images/style/properties/9b9622c9c440e59a67c876cf07706f3c_images.jpg"
"e40ae17a-3757-41f8-b6d7-3121a4c60269","23882.jpg","http://assets.myntassets.com/v1/images/style/properties/498da65eeee9a23f2049449258384d55_images.jpg"
"4c4eb226-f590-4725-bc58-6d1592cb5e6a","34835.jpg","http://assets.myntassets.com/v1/images/style/properties/c0abfa74fe61af6ba9e5f4936f45e6c7_images.jpg"
"c1ecca32-fa73-4938-88bd-ccf7539fe56e","15984.jpg","http://assets.myntassets.com/v1/images/style/properties/1049df82b306da238c324c6c7031b135_images.jpg"
"2387de13-d96d-4587-9912-d2bfda609f2a","41268.jpg","http://assets.myntassets.com/v1/images/style/properties/7cc4a01bf1667b6954fb9d44bfdda095_images.jpg"
"0879ea3b-cd6a-43aa-b0e8-334f6e860c0e","11518.jpg","http://assets.myntassets.com/v1/images/style/properties/cea14ca6ae7273963babfa80798aa61c_images.jpg"
"93049c21-af0a-43f1-b6cd-d0652aae95b3","14856.jpg","http://assets.myntassets.com/v1/images/style/properties/22ab917e5ff62a05d1d932daf35cf158_images.jpg"
"af76323d-7bff-4e6d-8a38-dd5ae96900d8","33648.jpg","http://assets.myntassets.com/v1/images/style/properties/42344fe581af7a4c62d2a39ceb57be24_images.jpg"
"40d11971-355a-4560-8ba3-a75150369a78","59297.jpg","http://assets.myntassets.com/v1/images/style/properties/US-Polo-Assn-Men-White---Navy-Blue-Shirt_233bed1565b9ac72f62fb685a2223f3c_images.jpg"
"cebef2f0-0dd8-4977-bc0b-a55fcb5b0500","28032.jpg","http://assets.myntassets.com/v1/images/style/properties/e5b0ca8a3d69ff5f0d6e2d9303705eb9_images.jpg"
"442eb932-b70d-48e1-bebd-a72304929b50","27846.jpg","http://assets.myntassets.com/v1/images/style/properties/a2826334fe816ee0e95ce93b8aabc90d_images.jpg"
"ca4938b4-adba-4db1-a4ef-6d1e050f45eb","26994.jpg","http://assets.myntassets.com/v1/images/style/properties/Jealous-21-Women-Black-Jeans_6c38590b2ec56b444a760aa56a8ef7e9_images.jpg"
"4505b103-3e95-40e8-a4c8-7014b8af7308","49839.jpg","http://assets.myntassets.com/v1/images/style/properties/3101e6784596ba83c3fb728bcf5b6187_images.jpg"
"58e679e8-5a1a-43f9-9ede-235f78ff338f","31923.jpg","http://assets.myntassets.com/v1/images/style/properties/21c45000f209a31a74ed47f9ec9ac87e_images.jpg"
"f56fd208-36ab-4cef-9008-24f873599593","2618.jpg","http://assets.myntassets.com/v1/images/style/properties/1133e704c0d02e19ac7b09685788aa40_images.jpg"
"abcb68fd-076f-4036-82f5-c1c1ba718c10","54588.jpg","http://assets.myntassets.com/v1/images/style/properties/Sushilas-Women-Printed-Green-Kurta_c9347616597dbcbe6eca805e1677c269_images.jpg"
"097a75af-b931-4844-8f6e-b5bc93b38e10","49005.jpg","http://assets.myntassets.com/v1/images/style/properties/Lucera-Women-Silver-Ring_dccb8dafadde1c4759acfb940fcb42e9_images.jpg"
"12f51751-4ab4-47d1-8556-7d9e13773270","8322.jpg","http://assets.myntassets.com/v1/images/style/properties/117451d5bf32c9ec341a6dfd0c28121a_images.jpg"
"45ca0279-e4f7-44e6-8bc4-22a4b96ebd42","13841.jpg","http://assets.myntassets.com/v1/images/style/properties/f9f0f53a996cd6df9e48e4e685e25047_images.jpg"
"252ccaaa-3ac5-41b7-9e98-6d56ba3b1104","28200.jpg","http://assets.myntassets.com/v1/images/style/properties/Ray-Ban-Men-Active-Lifestyle-Copper-Sunglassesb7761297ec669a622453f898fce8759f_images.jpg"
"b989c28f-a070-4f91-a926-5b7a1f47903b","12993.jpg","http://assets.myntassets.com/v1/images/style/properties/6bb0dda205ff23b2b1fda526a3c74374_images.jpg"
"f01c1d35-88e2-40cd-81df-e0a7f1fae0ed","7158.jpg","http://assets.myntassets.com/v1/images/style/properties/9b2dc2cfc35d37aee2f4d46532384605_images.jpg"
"7f6e866f-c88c-4a3e-bece-abd3a9269b01","18495.jpg","http://assets.myntassets.com/v1/images/style/properties/c78acc78b83e4f2e014215d2a302f04b_images.jpg"
"6ea5a34b-72a6-4456-afdd-f399eaee46be","8110.jpg","http://assets.myntassets.com/v1/images/style/properties/112edfec7e1965c0f64ad9eb51cac579_images.jpg"
"b2ab83e8-565f-428c-a9f8-288f13c0be53","19547.jpg","http://assets.myntassets.com/v1/images/style/properties/2641289161a53042c64ced38cadb099b_images.jpg"
"837a68f6-1709-42cf-9bff-e3d75ec075cb","7964.jpg","http://assets.myntassets.com/v1/images/style/properties/59433decf845a0c856d3879435d95560_images.jpg"
"c2ab67d4-f71b-4185-a900-c7f8b067a596","36934.jpg","http://assets.myntassets.com/v1/images/style/properties/b0d3dcd6aaa7274486236fa267ef8cb5_images.jpg"
"4825a6d7-2d8b-4514-91b4-94c5de96ca18","39140.jpg","http://assets.myntassets.com/v1/images/style/properties/4d16721ce6d31a02786fa271a40dbc86_images.jpg"
"b5d80550-5d81-4957-84bb-762b94bebde7","20851.jpg","http://assets.myntassets.com/v1/images/style/properties/ee617574380de80bee9cce9ec585e8be_images.jpg"
"7448ab5d-c3c4-4590-b375-fab5303be559","41866.jpg","http://assets.myntassets.com/v1/images/style/properties/7adfef9d7001cdcb9a58822c0c8b615f_images.jpg"
"7e9a1c61-b171-45d7-b058-f544fc6486af","58177.jpg","http://assets.myntassets.com/v1/images/style/properties/Rocky-S-Women-Brown-Handbag_5b44f798c0d6b84b00ae5a6316d931af_images.jpg"
"65a7c986-a682-4a92-8fce-c9211ae0d179","44528.jpg","http://assets.myntassets.com/v1/images/style/properties/5fdccf41dafc022f36adea9a7df6751c_images.jpg"
"a91e2778-a591-428c-a162-e6798eb477b4","16392.jpg","http://assets.myntassets.com/v1/images/style/properties/9584fab8cde60a77e797973020e5c91d_images.jpg"
"f6d82cde-4f3e-4476-b495-2b58ff91c3aa","51455.jpg","http://assets.myntassets.com/v1/images/style/properties/28d91b2c102e5742714c7f706a73eeb4_images.jpg"
"c8e8eca0-f850-4311-8afb-ed45b153f46a","50587.jpg","http://assets.myntassets.com/v1/images/style/properties/9bd108a473fd6a01005be56f7f0a3807_images.jpg"
"cf31a76c-eae0-4b9d-9573-35c3e34a91cb","17240.jpg","http://assets.myntassets.com/v1/images/style/properties/7648ed40d904bf77502b84894f9cb980_images.jpg"
"9d7cc497-34f1-469e-b977-74c5a9bf76cb","47530.jpg","http://assets.myntassets.com/v1/images/style/properties/daadf44edb9420bbd0d335702cf6e095_images.jpg"
"3e830c55-b4de-4191-9ade-649efd2dad31","6617.jpg","http://assets.myntassets.com/v1/images/style/properties/5c0c7cee1d5905a18f6a8d4821ae21aa_images.jpg"
"2069468b-9827-48c9-ae02-710d9d47606f","12732.jpg","http://assets.myntassets.com/v1/images/style/properties/6c411e5ff01a791860ac0807b719cf28_images.jpg"
"8379f99c-e4ff-4cff-8be3-ecb44afe22a7","3365.jpg","http://assets.myntassets.com/v1/images/style/properties/477a546e340e50d1c7d4fb252a146692_images.jpg"
"57f04e38-9f10-43ea-898a-c618b2c160d2","42042.jpg","http://assets.myntassets.com/v1/images/style/properties/16a858c7c58d665ba030df2f9f326086_images.jpg"
"cf107795-7bbe-449b-8b08-be321444b74e","23849.jpg","http://assets.myntassets.com/v1/images/style/properties/aca469db7fbac91473fc2a810461889d_images.jpg"
"640bbe7f-76c0-48b9-9576-f156e38b73f4","43190.jpg","http://assets.myntassets.com/v1/images/style/properties/1c5acff37ece119c5adfe594c2b4bdcd_images.jpg"
"61919e2c-16b5-42e1-89fe-7a56723fb703","48578.jpg","http://assets.myntassets.com/v1/images/style/properties/551485ddc5fa42d1734898e3b32e72c0_images.jpg"
"8370922f-9e44-4fe3-952c-4ae07da06385","30462.jpg","http://assets.myntassets.com/v1/images/style/properties/cef99b09020adbc2a0d7e5f9889ce9c4_images.jpg"
"ae916d25-5235-43fa-ad9b-5c76114fc802","18208.jpg","http://assets.myntassets.com/v1/images/style/properties/4d0de24d6538a8507059625949e34878_images.jpg"
"5e0b237e-13d0-4d99-81a2-41a63a8b532f","54127.jpg","http://assets.myntassets.com/v1/images/style/properties/50c7dd932d347768b05766e5dd231355_images.jpg"
"cf1de083-775a-49d7-8f8f-853050e62daa","10065.jpg","http://assets.myntassets.com/v1/images/style/properties/ef754e63472dece06abfa6d6c1266d91_images.jpg"
"36597513-f715-4640-9776-be69a74648c3","24250.jpg","http://assets.myntassets.com/v1/images/style/properties/ff82e800185f09437bdd38606dbd4ec6_images.jpg"
"1aeed60d-800f-4224-a3b8-ed67c1aa7a55","32335.jpg","http://assets.myntassets.com/v1/images/style/properties/Q-Q-Men-Silver-Dial-Watch_9bc915bdcff17ce2aa1168cf3a27654e_images.jpg"
"fb2e7a34-63ce-4bce-ba67-cf9464486230","25382.jpg","http://assets.myntassets.com/v1/images/style/properties/Levis-Men-White-Innerwear-Vest_ead823677896c7f737a55a7750d809c7_images.jpg"
"c2d61371-1898-4b68-9515-6bc2000b7439","56670.jpg","http://assets.myntassets.com/v1/images/style/properties/Maxima-Men-Black-Dial-Watch_c427a05e5f1d545b2b03ad86b4960427_images.jpg"
"278bb963-1d02-4920-a5b5-344ca52e3804","5092.jpg","http://assets.myntassets.com/v1/images/style/properties/f9622342fedb746c6515647f128b94a6_images.jpg"
"cbc5f9f3-1ae2-4ff5-931e-710194fc73cc","10859.jpg","http://assets.myntassets.com/v1/images/style/properties/cc57b520818a0ada689545d2bdd025d9_images.jpg"
"99bff2aa-9fe2-4904-9976-ea9f93e7c1bd","59638.jpg","http://assets.myntassets.com/v1/images/style/properties/FNF-Green-Collection-for-Wedding-Sari_7e6a7f6bba933b0923861ac3b65c9f5e_images.jpg"
"8fe85961-1ae8-47c7-9a2e-7ca5e20cd06d","15517.jpg","http://assets.myntassets.com/v1/images/style/properties/0ea0e6130d5d4c093e0e516f9b43ced6_images.jpg"
"61b21669-628f-46f3-b668-138f8f1901e1","4140.jpg","http://assets.myntassets.com/v1/images/style/properties/7de650b81e8fd8be54794b6f466f3b8e_images.jpg"
"3ce201a7-86d7-4e64-92d7-83fe0ba1c416","36795.jpg","http://assets.myntassets.com/v1/images/style/properties/1223bc5aa8de555c058dbafa61b4c6cf_images.jpg"
"b6a478f6-5c58-4860-89ce-0f6d3b0c94dc","40527.jpg","http://assets.myntassets.com/v1/images/style/properties/946643c653dae988057d427e72b4d5f6_images.jpg"
"12fe59f1-5437-4a75-9bbc-725c28446b87","10257.jpg","http://assets.myntassets.com/v1/images/style/properties/bbddb8510d402639e0a038bde5ec08bb_images.jpg"
"58f1de44-e658-4dda-91f0-6059632bab17","24062.jpg","http://assets.myntassets.com/v1/images/style/properties/b24d6360e5f726e86b7db28e2225894b_images.jpg"
"f21b594b-5c3e-47bc-9cd4-97812440337f","45869.jpg","http://assets.myntassets.com/v1/images/style/properties/f0a2359518806948aa76a37b1c9fe2a9_images.jpg"
"1ec309c1-05eb-44a5-b469-1f0e487d7163","11385.jpg","http://assets.myntassets.com/v1/images/style/properties/c843af98fead5393ecf56934e07ca496_images.jpg"
"9e48bc0a-f11a-491d-839e-96b3672e8323","53130.jpg","http://assets.myntassets.com/v1/images/style/properties/Catwalk-Women-Brown-Sandals_c094f60d90c695681a6b79cf241777fc_images.jpg"
"ae473f49-beaf-44c1-9403-7c54faad9c24","44187.jpg","http://assets.myntassets.com/v1/images/style/properties/3db0d3544350b8d72f968ede0af3b0d3_images.jpg"
"6d8e842f-fe79-4d1b-83ad-22d02866750a","21510.jpg","http://assets.myntassets.com/v1/images/style/properties/97f41f38d2fa5f88fa5322daf7f093f6_images.jpg"
"8f4b1751-7477-4bbe-813f-1241c4ce7a37","51667.jpg","http://assets.myntassets.com/v1/images/style/properties/Louis-Philippe-Men-Grey-Sunglasses_1446c537f905743abebac42f5a02f776_images.jpg"
"32bcdcd6-3410-49cd-bdf5-1008810c31a4","22395.jpg","http://assets.myntassets.com/v1/images/style/properties/e01152d30659f4099b46cb0c1fcb918b_images.jpg"
"8e8b6ac9-8b63-4f6e-9ca0-e3f686c096de","35322.jpg","http://assets.myntassets.com/v1/images/style/properties/f21ff0021d5d5095ed087314e548ea24_images.jpg"
"46e46a20-b74b-4d42-8ba9-73b55a6e2b70","6425.jpg","http://assets.myntassets.com/v1/images/style/properties/ef0e264ebd347265da9fcf1bdff4b2f5_images.jpg"
"f5b80632-d671-48f6-87fe-9e86970a2e38","18806.jpg","http://assets.myntassets.com/v1/images/style/properties/f8a2854d9f97f9fde7b768dd3648198d_images.jpg"
"8a175043-49be-444f-b208-4757bc91c4da","23247.jpg","http://assets.myntassets.com/v1/images/style/properties/0201105e4604bc784525d9cf0e972c40_images.jpg"
"df1caf12-9773-46fd-adba-e9aabf266990","17072.jpg","http://assets.myntassets.com/v1/images/style/properties/3f475c2e490c2e2c653f10aa5a4a4506_images.jpg"
"8ded0dc6-08ef-4faa-bd94-5baf031389ed","31782.jpg","http://assets.myntassets.com/v1/images/style/properties/5b427e7381af213df2d54a17cd193aea_images.jpg"
"c599a8f5-a898-4b36-a8f9-cf1fdea6b264","42270.jpg","http://assets.myntassets.com/v1/images/style/properties/ea497c53bbc69cb510e3f7b2fe4a7abb_images.jpg"
"d2d4d215-34af-45b8-be17-fe6c47a493ca","12500.jpg","http://assets.myntassets.com/v1/images/style/properties/47e0bf9f4a04bd6f5901c0f4fc65e54d_images.jpg"
"99a7d48c-fd9b-4735-a905-c11e4f69c8e7","26735.jpg","http://assets.myntassets.com/v1/images/style/properties/4f56561974db43db763f18a06caedbd0_images.jpg"
"e9d81239-b65a-4a3e-aba9-22426e53c092","30650.jpg","http://assets.myntassets.com/v1/images/style/properties/75c8932f3b5a274c73e3c94f95540d7b_images.jpg"
"75d5f123-d40b-4eb4-8db5-b89ce414eacb","56026.jpg","http://assets.myntassets.com/v1/images/style/properties/ColorBar-Soft-Touch-Mousse-Lipstick-025_9acb45fa8b3bc6021e8ef261642e9de1_images.jpg"
"842bfb3b-4e9e-458a-9993-3d0b5a4d110f","21948.jpg","http://assets.myntassets.com/v1/images/style/properties/bf2a4f36c9cc6b2fb51c5e7bad341681_images.jpg"
"7d2c62c8-6460-44b1-89b7-17b0f343733b","32563.jpg","http://assets.myntassets.com/v1/images/style/properties/ONLY-Women-directoire-blue-Trousers_9ad40a06ae4b8c071f84e12599c1c9b7_images.jpg"
"f3b5f463-8647-4526-b051-a6a995dfd7ea","58980.jpg","http://assets.myntassets.com/v1/images/style/properties/Colour-me-Women-Flowers-Deo_bbdd019aace399d86a7f5c4ba11f6881_images.jpg"
"ecdc5888-fa56-4fb7-b0e4-eb23fa847508","40143.jpg","http://assets.myntassets.com/v1/images/style/properties/fc3c1b46906d5c148c45f532d0b3ffb5_images.jpg"
"074cc613-ea93-4b0d-b950-5007c0671741","10633.jpg","http://assets.myntassets.com/v1/images/style/properties/b195b911f558c0232e22849d1ca73193_images.jpg"
"51f6fd6c-1cdb-4a37-8a25-010c16b5e1ed","24406.jpg","http://assets.myntassets.com/v1/images/style/properties/cc658745ce38f9e09bec039a997155a9_images.jpg"
"250927eb-ec3f-426c-b0ea-acd9b8a5e412","4716.jpg","http://assets.myntassets.com/v1/images/style/properties/d63e1260ab9823cd64cbe4336a5bb94d_images.jpg"
"92333edd-6792-4299-b490-1998c85a36c5","21174.jpg","http://assets.myntassets.com/v1/images/style/properties/5a76ef8930d8bd543d8f7e6f5383d390_images.jpg"
"0846e36b-4076-4ebb-a07d-acf3c649d08e","15341.jpg","http://assets.myntassets.com/v1/images/style/properties/f105cf31753c2cbdf23e8722dc83a019_images.jpg"
"6e6043a7-e41c-450b-a6f4-0de85079eea5","52486.jpg","http://assets.myntassets.com/v1/images/style/properties/Red-Rose-Maroon-Bra_c75c0ad76e53ba58736e6f8fd21d07b0_images.jpg"
"fe7d9f73-bab4-4a9d-8cc2-0e19d8524072","53554.jpg","http://assets.myntassets.com/v1/images/style/properties/Probase-Men-Yellow-Boxers_80cada245724ee958e0c5721d51cfab7_images.jpg"
"85be550b-d1bc-4202-91c8-79afd2c024e2","14293.jpg","http://assets.myntassets.com/v1/images/style/properties/8e4099bc672a376b156e1fe903fd5e16_images.jpg"
"525c3739-fb7c-45bd-882d-a12aa3884ddc","47366.jpg","http://assets.myntassets.com/v1/images/style/properties/895bed5b7e643c97fb880515cea0c930_images.jpg"
"5c9a546e-939e-4c24-b333-392afab4b7b0","6041.jpg","http://assets.myntassets.com/v1/images/style/properties/b54b7d7f19b9dbb54c85c584719c46ef_images.jpg"
"509368b0-8ce1-41d7-8744-4b7f737c6571","23623.jpg","http://assets.myntassets.com/v1/images/style/properties/ef9685293a987f515492addd034006bf_images.jpg"
"2594ac0e-4255-4681-b179-19674f23e418","17416.jpg","http://assets.myntassets.com/v1/images/style/properties/1279efc8b61fb461a804f0c1f82f276b_images.jpg"
"c47929f6-454f-4cb2-9c14-17d4b7716212","9835.jpg","http://assets.myntassets.com/v1/images/style/properties/e2604389938f13f2cc1a772bba320a45_images.jpg"
"ad4465ac-3e94-457e-9f29-8237763dde69","29319.jpg","http://assets.myntassets.com/v1/images/style/properties/d0817a4778047d75a9d4f32e78b9b1fd_images.jpg"
"3581294d-0f8f-4672-9eec-c5da0b8b2562","7193.jpg","http://assets.myntassets.com/v1/images/style/properties/054b93509e888e996ba7b12b554870e3_images.jpg"
"95023876-77b3-4edc-9b2d-f127ed966ec6","12958.jpg","http://assets.myntassets.com/v1/images/style/properties/9c0d1badace8d2eb9680232648e94d85_images.jpg"
"355faa10-f092-48c0-a65a-3def1bde2d26","27283.jpg","http://assets.myntassets.com/v1/images/style/properties/1dea61d01ec84aed63dcbb32adda717a_images.jpg"
"9186f158-8ec5-45b3-9d6a-cd57f6ca155e","30234.jpg","http://assets.myntassets.com/v1/images/style/properties/7b99e89eac30c7d4d78d54c8cc67e35a_images.jpg"
"cf7a3a1a-9515-4bdc-a26d-1605d907f99a","9009.jpg","http://assets.myntassets.com/v1/images/style/properties/b11805dfd1077ea3a4538fba3ffed149_images.jpg"
"92d7069e-31ba-4b2a-9ce4-75ae4c9b593a","3533.jpg","http://assets.myntassets.com/v1/images/style/properties/c6a6fbe4d75e40529b7be5427d095142_images.jpg"
"3883dca0-01dc-47cc-8fd3-16be012fc67d","42614.jpg","http://assets.myntassets.com/v1/images/style/properties/4067d54c1f9caba707a51d665ef0e38e_images.jpg"
"0f7d8024-c30d-4af9-826a-d42304a6107d","12164.jpg","http://assets.myntassets.com/v1/images/style/properties/88540c74d7d507c9371c5d9f37125ce1_images.jpg"
"79a9fc33-32d5-46db-a10b-d5722d89c632","26351.jpg","http://assets.myntassets.com/v1/images/style/properties/a002d0eed07e5e2c140da41e8db2ddf7_images.jpg"
"5e9902c4-20fe-4531-b005-e7f89cd101e3","17624.jpg","http://assets.myntassets.com/v1/images/style/properties/98252134c6398e50aeebd873e6eafceb_images.jpg"
"cfd4c38e-2942-4c08-85a9-5d2d3af9548c","47154.jpg","http://assets.myntassets.com/v1/images/style/properties/5158808a5bdd60c8c8af6999f8481160_images.jpg"
"b9d54c42-d901-40b9-89b2-76b3ff76fca7","35574.jpg","http://assets.myntassets.com/v1/images/style/properties/9c1df994bfd66e4485b82d0e74066d98_images.jpg"
"29999788-de3f-47e0-8213-36825f925bb6","46086.jpg","http://assets.myntassets.com/v1/images/style/properties/97b4da7324d9f9b3a6f507333141faae_images.jpg"
"3f018aba-debf-4f1f-a4b1-5b04ac521f5c","51031.jpg","http://assets.myntassets.com/v1/images/style/properties/493409fb23791fa2cb220289e92affd7_images.jpg"
"5ea00aba-234a-47f1-9033-467d809b44f8","13284.jpg","http://assets.myntassets.com/v1/images/style/properties/1d2eaf1491e0bf4906165ab1eaff3ad1_images.jpg"
"6e6ca8ec-90f1-4035-ae11-554fd7b5c1c6","54543.jpg","http://assets.myntassets.com/v1/images/style/properties/F-Sports-Men-White-Outlander-Sports-Shoes_b600b7c68b5e9dd8b56dcd8732ce0fda_images.jpg"
"78e0a46e-8d9a-4380-943f-648a0ae34cd2","55491.jpg","http://assets.myntassets.com/v1/images/style/properties/Revlon-Gold-Dust-Poussiere-Doree-Colorburst-Lip-Gloss-024_ed41da69ac3f9c1c17cb6517a999b749_images.jpg"
"79322d12-8011-4289-9e78-11e4526831c0","26163.jpg","http://assets.myntassets.com/v1/images/style/properties/987d4390421e951dafe4bfdaba57f5fd_images.jpg"
"f5a4ee04-8d21-451b-a2a1-227b3bed7357","3701.jpg","http://assets.myntassets.com/v1/images/style/properties/906c588711dcf840a61168758f463664_images.jpg"
"115bf614-c1da-43d2-8afc-5b6682a31970","29917.jpg","http://assets.myntassets.com/v1/images/style/properties/Police-Men-Steel-Dial-Watch_51e58f90f98b042641c9b54f09b54fd6_images.jpg"
"97f994c6-7898-4f1e-8609-6fcb350d4a8f","42426.jpg","http://assets.myntassets.com/v1/images/style/properties/2e25195b2eaba31b89a991f2e0dbd532_images.jpg"
"f4f77a7c-59a1-4566-b6e7-a8fce563f2b1","32751.jpg","http://assets.myntassets.com/v1/images/style/properties/ea051d39d65bfdcba994e6cd49061bd7_images.jpg"
"ba1f0ee7-f8ab-404f-983b-c996eadf8588","56214.jpg","http://assets.myntassets.com/v1/images/style/properties/Estelle-Earrings_7271511bf974f34b0c0e80431617e034_images.jpg"
"c4c21cb0-b76c-467a-b1b3-649e3b47f3d5","10401.jpg","http://assets.myntassets.com/v1/images/style/properties/144954d20ce2e31fe6953f3e249e9a68_images.jpg"
"4cca46b2-6c06-4bc8-9031-e87c8026e5c6","40371.jpg","http://assets.myntassets.com/v1/images/style/properties/a6ea6713bae041ef4f62d3612586d1ef_images.jpg"
"d05e66d0-3930-4236-b8a8-a25b1ec1da77","21346.jpg","http://assets.myntassets.com/v1/images/style/properties/e9266175735b50a2f6d100ae2ef44fe6_images.jpg"
"17efe8e4-f1d5-4f88-9f76-4b41decee916","45603.jpg","http://assets.myntassets.com/v1/images/style/properties/8f3b9f4c5f554e39681567b22985966e_images.jpg"
"d377c1c0-96d5-4af8-9145-427a0720c40f","4524.jpg","http://assets.myntassets.com/v1/images/style/properties/fae0ae76d008674551fbdbb64988ea51_images.jpg"
"e4710dee-b646-4074-93ed-b6c47ee521ea","37223.jpg","http://assets.myntassets.com/v1/images/style/properties/58c4b740c2d2e9b52c6900579c7ff2d2_images.jpg"
"91d2fe29-78ab-420d-b520-d438112ffaf9","53766.jpg","http://assets.myntassets.com/v1/images/style/properties/Puma-Men-White-and-Navy-Blue-Stripe-Polo-T-shirt_a81acd98afcadd66fa8ee8531c82ad46_images.jpg"
"4676a433-68ca-4bc4-9708-6274e632c029","25520.jpg","http://assets.myntassets.com/v1/images/style/properties/416f7bd57546242fd72a817de0d517e5_images.jpg"
"522edb64-7ce7-409e-8d9e-4ea751d4358a","32597.jpg","http://assets.myntassets.com/v1/images/style/properties/9d4d7aa206e22813311c0a0406ce02a4_images.jpg"
"00e73a87-a93b-4483-808c-7afa8d5cfe9d","58974.jpg","http://assets.myntassets.com/v1/images/style/properties/Colour-me-Men-Gold-Deo_73efa9034af7165f848dcc367558b461_images.jpg"
"95819a39-707f-4f89-97e8-06ffde7bf156","33445.jpg","http://assets.myntassets.com/v1/images/style/properties/6222ae36196ec90b30a683927c219428_images.jpg"
"9acb701b-eb1f-42e7-a9fe-3ecd058b2aae","57100.jpg","http://assets.myntassets.com/v1/images/style/properties/Elle-Women-Dark-Pink-Top_ce0e1c18ffc47444dcb28bb7b78ae13f_images.jpg"
"bf1df0e3-5ccc-40dd-915c-c7f7013499d5","36137.jpg","http://assets.myntassets.com/v1/images/style/properties/5b0a6dd6aadd4d4ba230ff849b36481b_images.jpg"
"f5569577-998b-470d-ab29-a83bbb75e6ee","41859.jpg","http://assets.myntassets.com/v1/images/style/properties/2a07ce87fedfca8928f12f3ddf6b7632_images.jpg"
"0c4243fa-a7d0-4329-85f5-4b960f4f5e7b","21180.jpg","http://assets.myntassets.com/v1/images/style/properties/b057c9e8d5ccc63369807a12f67a39ac_images.jpg"
"fdb718cf-5d6d-4d65-876a-9952e1b07789","39943.jpg","http://assets.myntassets.com/v1/images/style/properties/f2d705addd04fcf5516aef873254441e_images.jpg"
"8bb681ce-0920-4b66-be4c-58f453bd7453","52472.jpg","http://assets.myntassets.com/v1/images/style/properties/Red-Rose-Women-Bath-Robe_b47ef24153050e66fce7429a01204ca9_images.jpg"
"8c934f85-8d46-4e85-b713-c413a443755c","58148.jpg","http://assets.myntassets.com/v1/images/style/properties/Puma-Unisex-White-Cap_d397dc3eb9ff8a12d079f08a9b6c430d_images.jpg"
"100e1c07-aa19-486a-b27c-6a26fa50908d","20052.jpg","http://assets.myntassets.com/v1/images/style/properties/70506325cf800559ba06b15300846ea8_images.jpg"
"5148c758-db0a-4cdc-a330-d4d97f4f246c","5630.jpg","http://assets.myntassets.com/v1/images/style/properties/9234f2dacc377d713b7788f670f7bf9d_images.jpg"
"18bc4a44-c00f-463e-a7d7-c72efb00db19","44517.jpg","http://assets.myntassets.com/v1/images/style/properties/Coolers-Men-POKAR-Brown-Flip-Flops_8b247db935e7cfffb8f5a0b8d578f7bf_images.jpg"
"3418c7ae-80e5-4ca4-8e6e-36208b38c0ab","47392.jpg","http://assets.myntassets.com/v1/images/style/properties/1041605c3decc95ef96c970da17ad051_images.jpg"
"a70acff1-cef0-4f0b-81c0-d5ee4551d2a1","50325.jpg","http://assets.myntassets.com/v1/images/style/properties/Aurelia-Women-Navy-Blue-Kurta_269c51a0aa07f814b0d68df6b37d4113_images.jpg"
"17957eb4-bf06-4ed5-9cd2-02e9a682ca3c","8913.jpg","http://assets.myntassets.com/v1/images/style/properties/c7a70ae4f57ca4c605f4fabb82c735fc_images.jpg"
"6757e0a9-bc78-46f8-8eb0-08f768aae34d","16530.jpg","http://assets.myntassets.com/v1/images/style/properties/e87ae94ffdf37c089daaad8d451f6995_images.jpg"
"866ecf70-1612-43cb-b713-849f37b4ddf9","22705.jpg","http://assets.myntassets.com/v1/images/style/properties/9f8463e724322e0b47cc9f615acab635_images.jpg"
"eb4344ac-ac69-4926-9d2e-a639b4d4561f","7167.jpg","http://assets.myntassets.com/v1/images/style/properties/11dcaeada4fab2e575c449e922425c5d_images.jpg"
"51539848-057a-40fc-86c2-ed34fff56762","46240.jpg","http://assets.myntassets.com/v1/images/style/properties/3c92594cc9b62cba6a314a9ca9fd1e19_images.jpg"
"2c319a0b-8088-47e1-8aef-cc77975d6350","27277.jpg","http://assets.myntassets.com/v1/images/style/properties/a576a21253c4cc6b7c04426389c1c58f_images.jpg"
"05f4b032-1a97-4479-8313-e84135ff9860","13042.jpg","http://assets.myntassets.com/v1/images/style/properties/be1fc833328c2708141568e2476abe81_images.jpg"
"afa2a5d0-66bb-42fa-903d-1081c729de8d","6889.jpg","http://assets.myntassets.com/v1/images/style/properties/01c417703d7775105ba346c691f4700b_images.jpg"
"0c58c438-1bcc-4361-ae80-55cafe26fa6d","31312.jpg","http://assets.myntassets.com/v1/images/style/properties/8e6291cb947f1d35eb4ebc3c73baf1eb_images.jpg"
"df262454-073a-4a9d-a70b-fedee90b6cd4","12190.jpg","http://assets.myntassets.com/v1/images/style/properties/2811fe105e63b5795a6442edb85bb6cd_images.jpg"
"d26b5482-287c-4a3d-a0a3-3d7ecf52f29e","55657.jpg","http://assets.myntassets.com/v1/images/style/properties/Catwalk-Women-Golden-Sandals_5fddd65067f3c7c0224439efc7a99ac8_images.jpg"
"533d96a8-259e-4ccf-9ba1-4af184a255e3","19578.jpg","http://assets.myntassets.com/v1/images/style/properties/97d87b20b1a8810ee10f617a8a7ccc52_images.jpg"
"7dc3811b-9c61-4a0b-a743-c1c522c8ca9b","27879.jpg","http://assets.myntassets.com/v1/images/style/properties/018b322355f8a44f117488fee256049c_images.jpg"
"ece93ef7-9def-48a5-9601-83f1fd8122f9","34452.jpg","http://assets.myntassets.com/v1/images/style/properties/93455095a8c1bc951c7bd258b600dfa1_images.jpg"
"1812e5e0-57ca-49e8-914e-8e51d0af3bc3","6287.jpg","http://assets.myntassets.com/v1/images/style/properties/Classic-Polo-Mens-Swiss-Yellow-T-shirt_e87fa11cdb977d11d3e673a69f4a63db_images.jpg"
"1cf0173c-d7b2-4a7f-982a-b32f9eaa853e","7355.jpg","http://assets.myntassets.com/v1/images/style/properties/7c9e2e7c405128361af34be207a439a2_images.jpg"
"4ecba72a-2653-4d9b-bf43-a73c7e010d1b","46072.jpg","http://assets.myntassets.com/v1/images/style/properties/749432e06d8d1b969077552ecebd9cd4_images.jpg"
"a4809aaf-19c5-4cee-838c-c41b2272f453","22537.jpg","http://assets.myntassets.com/v1/images/style/properties/465863ba7b810b5ef6c516fe91c77308_images.jpg"
"6369b20d-5bbb-4011-8829-efef2fc14af2","28831.jpg","http://assets.myntassets.com/v1/images/style/properties/9d76cb50cdc99a3519f78164dbc691ae_images.jpg"
"b7be59a2-e52e-47bc-bc9a-f77c5fcbdb7e","43500.jpg","http://assets.myntassets.com/v1/images/style/properties/9dc3c008c07a5df5b46622ee5d8579de_images.jpg"
"e6dcc728-3973-4b7e-89ba-4f83c17243bb","2627.jpg","http://assets.myntassets.com/v1/images/style/properties/a2a3d03e64b5041ab052d5a6b10d282a_images.jpg"
"41bb3422-d2b0-4153-8ce5-eed9526c03d0","27045.jpg","http://assets.myntassets.com/v1/images/style/properties/b548017b7f2a2d8582c75ac1afeeb28b_images.jpg"
"702a5fa8-f430-4406-92fe-1349f4493fae","13270.jpg","http://assets.myntassets.com/v1/images/style/properties/b590f001fb08f324b17ce869686b27dc_images.jpg"
"f11a814c-d55a-4c5b-8481-d763986bc1e5","18698.jpg","http://assets.myntassets.com/v1/images/style/properties/Hanes-Men-Ultimate-Grey-Brief_0782bb329d30535e2a3bef5657940458_images.jpg"
"ca01ac2e-d37b-4e88-afaf-ead6a56ffd98","55465.jpg","http://assets.myntassets.com/v1/images/style/properties/Revlon-Super-Lusterous-Mad-About-Mauve-Lipstick-304_82c2b163c41babfca78eeb61693c666d_images.jpg"
"5fad5df1-3821-422b-b84e-6db0d429b2ef","26197.jpg","http://assets.myntassets.com/v1/images/style/properties/ebe4131154706db0b3469237133343e2_images.jpg"
"91b60c21-e302-47dd-9f47-8a8d88376fc8","31120.jpg","http://assets.myntassets.com/v1/images/style/properties/83f4ab34db71459ba1f80bb8992cf9d5_images.jpg"
"702b7725-8f10-499f-884d-966d3437f068","25712.jpg","http://assets.myntassets.com/v1/images/style/properties/Adidas-Unisex-Blue-Capf0fdfddb2e26677c8067afe9586c6cba_images.jpg"
"9bde8c22-2775-4340-8c42-bb1413110590","11527.jpg","http://assets.myntassets.com/v1/images/style/properties/6c598ee94ff155384130481aec05525e_images.jpg"
"77a4fbe5-0b03-4a46-9288-958b8cd48022","14869.jpg","http://assets.myntassets.com/v1/images/style/properties/09fca1f67e3f78b18f76473749d93e59_images.jpg"
"15b3ffe5-15d7-42bc-92c2-c3350e5ff03d","40385.jpg","http://assets.myntassets.com/v1/images/style/properties/9e616458a21ce9d3b0ddf0895b24df0b_images.jpg"
"2acfec66-bafa-47d9-8104-a1a6c87230bb","15187.jpg","http://assets.myntassets.com/v1/images/style/properties/10d750eb60726aff0c78cd599a20e0ab_images.jpg"
"89d68191-341f-43d3-b8c8-3fd4d4d88c14","5402.jpg","http://assets.myntassets.com/v1/images/style/properties/5dfa5ed32e290bbaeedd937ecdaa9a8b_images.jpg"
"3e77a47b-d1ab-4a08-8b7e-d75820f2b1ae","44725.jpg","http://assets.myntassets.com/v1/images/style/properties/839c627c80dba9ac4412db3f35a52bb7_images.jpg"
"166496c4-bcb9-4748-a4aa-efb79d8c5cf8","14055.jpg","http://assets.myntassets.com/v1/images/style/properties/6934c2d1bc11313536fd82a1192a1d33_images.jpg"
"004206a6-ac7f-41cc-b246-a9861a90248a","20260.jpg","http://assets.myntassets.com/v1/images/style/properties/7909093ce4f956a24582b330a249d911_images.jpg"
"6c9982cc-9d22-49c9-9990-7b1b2195a88c","7731.jpg","http://assets.myntassets.com/v1/images/style/properties/9473ae18face7603f7bdb4b6fda3d8e2_images.jpg"
"19d3d4a3-54e0-4ec9-873a-9b46734453f4","22153.jpg","http://assets.myntassets.com/v1/images/style/properties/99808c9bdfee6165a0cec81d0219c1a1_images.jpg"
"9d845f38-8e53-49fa-98aa-a6c8d56e2455","43958.jpg","http://assets.myntassets.com/v1/images/style/properties/Puma-Men-Olive-Techno-Ind-Sandal_3e7aa0b204f4317a017dfbefe260700b_images.jpg"
"ade97958-cff5-437b-9e2f-93b4967e564e","28469.jpg","http://assets.myntassets.com/v1/images/style/properties/8e3ddd6772fdb8b69c328402aa2baa0c_images.jpg"
"0987d948-8a52-4b44-8391-e3f11f410394","50573.jpg","http://assets.myntassets.com/v1/images/style/properties/cbcfe2066b676f7852c6282f85dfc43b_images.jpg"
"86e95523-f850-4d62-95a3-cb2e0df58971","34036.jpg","http://assets.myntassets.com/v1/images/style/properties/17d5cdd77de6f87ee2451b98f3466d88_images.jpg"
"85accfd2-f8b5-4818-9df4-1bf036805578","55001.jpg","http://assets.myntassets.com/assets/images/55001/2018/3/9/11520591701090-Lakme-Absolute-Lip-Last-Day-Kiss-Lip-Colour-9831520591701048-1.jpg"
"d9e7e8fa-2336-48c6-8ab5-9b50a16958ef","8779.jpg","http://assets.myntassets.com/v1/images/style/properties/f3dc8c5e7e7d7394150506a3f2f417c0_images.jpg"
"c7cc75c9-6144-455c-8171-1df2dd77eea5","3391.jpg","http://assets.myntassets.com/v1/images/style/properties/61d4d060e05c3e4ff1771c5e724d6c16_images.jpg"
"2ef57013-8815-43a6-b9f6-3125304c7b10","43164.jpg","http://assets.myntassets.com/v1/images/style/properties/20e55321f145a292edb4cc9776ea1985_images.jpg"
"947ee0e3-86f6-45a0-ba0a-8399f9155d1c","2243.jpg","http://assets.myntassets.com/v1/images/style/properties/e1bba450764df5aed92151be769e42d0_images.jpg"
"94e50039-0fce-410c-9269-f8383ccd936d","30496.jpg","http://assets.myntassets.com/v1/images/style/properties/Lovable-Women-Fiona-Purple-Bra_82e37d2949af0a30ff61f6f7fc80cadc_images.jpg"
"7964d2c2-827c-455f-ba36-f3f5337bec5a","27421.jpg","http://assets.myntassets.com/assets/images/27421/2015/11/23/11448283185049-Jockey-Women-Blue-Lounge-Pants-3621448283184622-1.jpg"
"4a5b2b2f-9713-4139-977c-fbe474d23747","57756.jpg","http://assets.myntassets.com/v1/images/style/properties/Lotus-Herbals-Neem---Clove-Purifying-Face-Wash_576266f24033ada1522c55008afacea9_images.jpg"
"869912e2-4062-4549-b7b2-b78587fe2051","33213.jpg","http://assets.myntassets.com/v1/images/style/properties/cd2a1ae491facf0acf36443998a0c217_images.jpg"
"f0b9810c-9d78-46f3-9f76-7c17a9080a77","39729.jpg","http://assets.myntassets.com/v1/images/style/properties/3d8b78b013627f7e9d738ccec2972480_images.jpg"
"aa539f2a-1603-410d-bbad-33bc195bf636","25376.jpg","http://assets.myntassets.com/v1/images/style/properties/adc3a5566f4c3e9f3f729ab6f9e44c56_images.jpg"
"467be552-b2b5-47e8-bb11-23594a600c26","11143.jpg","http://assets.myntassets.com/v1/images/style/properties/62f33289f2a1cbc88d6f8557a2c33638_images.jpg"
"687e657e-f8da-4a34-9abf-24b0978c0879","56684.jpg","http://assets.myntassets.com/v1/images/style/properties/Fabindia-Printed-Beige-Sari_b2b862ad19c18dc983c5cf843fe56bcc_images.jpg"
"b4c3a792-cdae-4bee-b112-313ddaeb0d76","4988.jpg","http://assets.myntassets.com/v1/images/style/properties/e7559ae62df37abf5338b7992aa8c628_images.jpg"
"f20c0361-99d2-46f1-a632-4b987329a011","44341.jpg","http://assets.myntassets.com/v1/images/style/properties/f202fe30bd9441e163b7fbcfcb53e8c2_images.jpg"
"05c05eed-1529-471c-977d-5a82c10de3d6","14431.jpg","http://assets.myntassets.com/v1/images/style/properties/33fe789a39b0590d649cd052e53b80b6_images.jpg"
"c03cdad9-18e5-4bfe-b4bd-8520503b6e84","20604.jpg","http://assets.myntassets.com/v1/images/style/properties/3c67058064553299e3cb62b79fedd1af_images.jpg"
"1f8a20ef-1679-4dd3-91a2-1a35dbcdae0a","52224.jpg","http://assets.myntassets.com/v1/images/style/properties/Lencia-Grey-Swarovski-Pearl-Necklace_8dca921b0f3b46449bbd5bb25f6f3dbb_images.jpg"
"c4318b40-bb2d-496a-a687-e97f67a45990","45293.jpg","http://assets.myntassets.com/v1/image/style/properties/45293/Casio-Women-Red-Dial-Watch_1_cc32a942220788a0b74c5708baff1e74.jpg"
"6e218bb9-a593-4618-b375-b7c331236564","36761.jpg","http://assets.myntassets.com/v1/images/style/properties/c2f94914c3151fa88bc00b924c9bea22_images.jpg"
"6ad1959b-92fa-4228-8ff7-2eb7c7cbbdaf","33021.jpg","http://assets.myntassets.com/v1/images/style/properties/051884f22b637d9cf40922baecd8ff20_images.jpg"
"2dccfcfd-04a1-4bf8-88ab-26241477f240","25144.jpg","http://assets.myntassets.com/v1/images/style/properties/460dd2adbff063cc226b7146a811e7dc_images.jpg"
"38c1e81a-3b95-49cc-ac4b-90a717e9b39a","11371.jpg","http://assets.myntassets.com/v1/images/style/properties/79e693b484848f12265b4dd4a155fae9_images.jpg"
"44ccee8b-4838-4d74-bea4-66c0f5cf37f4","41401.jpg","http://assets.myntassets.com/v1/images/style/properties/907aca262d340d45f49d7d3690fdc953_images.jpg"
"4fdce049-3f0d-474c-b2cc-a53ace656685","14603.jpg","http://assets.myntassets.com/v1/images/style/properties/a82a928bfbfba2e299574580ffa61dc9_images.jpg"
"a7287a50-8763-440b-aba7-a44f4e67f88b","37481.jpg","http://assets.myntassets.com/v1/images/style/properties/8fa9232495f9cad5e31338c61f615afb_images.jpg"
"9a72d1bc-eafa-4988-adf9-5f9ad8eb67d6","5254.jpg","http://assets.myntassets.com/v1/images/style/properties/8ee197c54df34d4e59d56d847139fe49_images.jpg"
"3bb72364-5c06-4027-844f-a44cff19de9d","44173.jpg","http://assets.myntassets.com/v1/images/style/properties/2688bbbcf35b0e739e7d9e5039fd6cbf_images.jpg"
"37709571-1c25-4147-bc1d-e377994865c8","25978.jpg","http://assets.myntassets.com/v1/images/style/properties/4a0b8e5cd5f8b9fe8287301280ee204a_images.jpg"
"4fba08a6-2532-4bfa-8bc0-6b7d8b056bc4","4386.jpg","http://assets.myntassets.com/v1/images/style/properties/dc7e36dcafbb8aeb71dc2ebbd4427ca7_images.jpg"
"5f018597-1a10-457a-87ae-1f38dd28fd1f","51693.jpg","http://assets.myntassets.com/v1/images/style/properties/Van-Heusen-Unisex-Brown-Sunglasses_2099ffb4f8eb9fd28b80922f653aa42a_images.jpg"
"35681d03-ddf7-4486-a7ad-0146088be0a5","16154.jpg","http://assets.myntassets.com/v1/images/style/properties/1e1ddab59626e99f7163c2c8c20743b6_images.jpg"
"37e669be-780d-48b7-a051-7a78e1ac2199","22361.jpg","http://assets.myntassets.com/v1/images/style/properties/Reebok-Men-Blue-Twist-Sandals_9d151773708628e8efa686c33561b54a_images.jpg"
"1043633d-b3c6-4520-bcb2-068eb48e02ea","29789.jpg","http://assets.myntassets.com/v1/images/style/properties/b5fe34a5c5a88054357f33b0d2b4ce46_images.jpg"
"76578a5e-cfda-49c2-a0aa-24597ac81d94","19920.jpg","http://assets.myntassets.com/v1/images/style/properties/d0e782df1a7287eb68da5806346605db_images.jpg"
"680b92e0-7003-4223-83dd-19a15cd8db16","7503.jpg","http://assets.myntassets.com/v1/images/style/properties/4642a9cf2604998cd7665a76a2bf87c1_images.jpg"
"29de12bd-a96f-4a74-a3b4-b26cb43507f3","46624.jpg","http://assets.myntassets.com/v1/images/style/properties/Rasasi-Men-Emotion-Deo-and-Perfume-Set_f2bcc95e69a60ac6b5473ca68bcc5563_images.jpg"
"5c239575-b358-4863-9160-fc44d4e0d45a","34204.jpg","http://assets.myntassets.com/v1/images/style/properties/15324570d805103032f3a593d495aafe_images.jpg"
"1dbeaa40-db5e-4f09-8b9c-543a2d44df61","17086.jpg","http://assets.myntassets.com/v1/images/style/properties/9cad6be03b1e0b544055e140b526cb94_images.jpg"
"3a0edd52-ffbd-49d0-823f-52bf2fac5801","50741.jpg","http://assets.myntassets.com/v1/images/style/properties/2dba90668d61bd7dd5e25a02d7612ee3_images.jpg"
"46fdf3e7-2e2d-4626-9055-e60e6878fb0a","55233.jpg","http://assets.myntassets.com/assets/images/55233/2018/5/3/11525323433330-Lakme-Nine-to-Five-Flawless-Makeup-Shell-Foundation-7251525323433284-1.jpg"
"a12b2020-c4c2-4f91-920a-f92dd5e92670","13426.jpg","http://assets.myntassets.com/v1/images/style/properties/6723c5b48a019f7940ac913e35240620_images.jpg"
"6cd93038-0cd1-46b6-ac6e-e5491f9cf765","43356.jpg","http://assets.myntassets.com/v1/images/style/properties/ec28a6e80636805d0bf993699b656c88_images.jpg"
"1c0a36c0-38a4-4fe4-9861-4754d3adc290","28207.jpg","http://assets.myntassets.com/v1/images/style/properties/f8b19ba970bf91df7f4c1e263faa331c_images.jpg"
"ed8f17ec-de34-4630-a515-27ace8e86631","13846.jpg","http://assets.myntassets.com/v1/images/style/properties/5f2cc2a725967d426cc03f4a3fbb93c1_images.jpg"
"975cb9c6-6d6c-4da0-8c2b-31bd0bca2ece","12994.jpg","http://assets.myntassets.com/v1/images/style/properties/39873daedc5a92eef39894b612f5cbaf_images.jpg"
"2620fbbc-9569-4533-9821-e42d8512fc26","46278.jpg","http://assets.myntassets.com/v1/images/style/properties/279197619f868018854ce9bf9b812b87_images.jpg"
"1ee4a0fe-e661-496a-ba77-036111b2ff37","16508.jpg","http://assets.myntassets.com/v1/images/style/properties/6cb6a14583b044dca0a0bd9efc2fc4c7_images.jpg"
"d5647099-24ef-4f1e-88ef-5b537ed38b65","18492.jpg","http://assets.myntassets.com/v1/images/style/properties/b5df5f57f0feda7a42510b6ebedf4f4d_images.jpg"
"cf7990ab-d587-42d5-a30b-df985575c6d4","19540.jpg","http://assets.myntassets.com/v1/images/style/properties/339f3148805bd725b88cebe54fd52d45_images.jpg"
"e273a209-c3cf-4607-84e8-9e061585bc71","7963.jpg","http://assets.myntassets.com/v1/images/style/properties/7f50a98d2319c37ba993f4bd39ec1df9_images.jpg"
"0c783a97-7de8-444c-8e60-104b028d54c9","8117.jpg","http://assets.myntassets.com/v1/images/style/properties/971d32f5f437a3e65d852648dd6bbdad_images.jpg"
"fd330a41-5fda-444e-bea4-f56a4ed6a377","49230.jpg","http://assets.myntassets.com/v1/images/style/properties/Calzini-Men-Pack-of-5-Sports-Socks_3056952ffdf96eaba3df0c68140a951b_images.jpg"
"83981adb-820e-415f-9131-02dc1a4c4074","39147.jpg","http://assets.myntassets.com/v1/images/style/properties/Aneri-Women-Blue-Salwar-Suit_310b83bb9b3c42c1b2a9a0b63e612c78_images.jpg"
"24a94dc1-32ad-4f7c-8c7e-86ba53c2785c","36933.jpg","http://assets.myntassets.com/v1/images/style/properties/f98d1337a330597f69db87bdcbe2c3f7_images.jpg"
"e53367db-6d15-4ad0-830e-0f8952dce41d","57138.jpg","http://assets.myntassets.com/v1/images/style/properties/Elle-Women-Brown-Trousers_a7f66d28a9214c62dc8073fa66146018_images.jpg"
"ab252579-e8c4-4678-a94b-8614d4eaffad","20856.jpg","http://assets.myntassets.com/v1/images/style/properties/fc4d12bcdc99ec17c6cbff23ce164f00_images.jpg"
"8f848580-3431-40ba-a8aa-b7a0051f15e8","41861.jpg","http://assets.myntassets.com/v1/images/style/properties/b996cb05ae7c16cabfa4cadc23818247_images.jpg"
"219c8545-6e1f-4448-bac4-fc186f463e4e","5608.jpg","http://assets.myntassets.com/v1/images/style/properties/f12bab8f2514a0656f81aa863dd966c3_images.jpg"
"9177f3a0-1519-43cd-b403-ca839d26fde3","58170.jpg","http://assets.myntassets.com/v1/images/style/properties/Rocky-S-Red-Clutch_6ef925fd1ad1ad8201c607dd14dd5ade_images.jpg"
"51496c21-ca40-4629-8182-c5ebdae92598","53598.jpg","http://assets.myntassets.com/v1/images/style/properties/Q-Q-Men-Black-Digital-Watch_a3a296a8c104975d7c8017bc5dd49a52_images.jpg"
"f8e49988-7d2d-441a-8662-a7b3f3190635","15983.jpg","http://assets.myntassets.com/v1/images/style/properties/5dca5cfae72251582c7f14ac099212f3_images.jpg"
"f593e990-7723-40b8-a601-6c1fd1aaa58b","39375.jpg","http://assets.myntassets.com/v1/images/style/properties/Helix-Women-Silver-Dial-Watch_43fa66002d9a709539eb6ff7ed9384ce_images.jpg"
"878fbda1-6a7c-4304-a822-7103b5f47a62","14851.jpg","http://assets.myntassets.com/v1/images/style/properties/90a495f259d10b2ff562dc0841721f7d_images.jpg"
"60bf55e9-2b6b-49d5-aff5-0cf763741d72","59290.jpg","http://assets.myntassets.com/v1/images/style/properties/Titan-Men-Black-Dial-Watch_1b6fb70c7ca8b860eb0f3257b191e129_images.jpg"
"7439ebd4-1ab1-4bc8-a155-0edd968678fd","52678.jpg","http://assets.myntassets.com/v1/images/style/properties/Morellato-Men-Black-Watch_75c8db9507b6fbde84d530568ac77b37_images.jpg"
"101b0054-064f-4ba3-8337-6d67c5d670c5","20258.jpg","http://assets.myntassets.com/v1/images/style/properties/bf97cd1840466577838074675a9cbe1f_images.jpg"
"e711f8e3-0331-4a0e-9d5e-bd59e0f6748d","47198.jpg","http://assets.myntassets.com/v1/images/style/properties/08be9002361c65ffa2e08a8f12464f56_images.jpg"
"1b90bed2-f228-40cc-a1fd-a00d111bd3e1","27841.jpg","http://assets.myntassets.com/v1/images/style/properties/8e033a452f0390d83a7c343f07177be0_images.jpg"
"e089301b-7944-44bd-9627-de5ad77e5895","28035.jpg","http://assets.myntassets.com/v1/images/style/properties/86767de994125ef8c2482545f20aa370_images.jpg"
"870aa7d5-ac8c-4258-8aa3-896167aafd28","31924.jpg","http://assets.myntassets.com/v1/images/style/properties/f2be61ffbdcd20d97ef6aac78a1c3f58_images.jpg"
"4d247965-5625-4ffa-a45a-5e74ddf81862","26993.jpg","http://assets.myntassets.com/v1/images/style/properties/6220c2b37ad0a42be62fb92b1d6c7e14_images.jpg"
"72db3774-4835-464a-b779-3e1011549a7a","13248.jpg","http://assets.myntassets.com/v1/images/style/properties/5f064c454ce1578a2a667d28872a0453_images.jpg"
"97cd7c7c-fe6a-4947-994a-13a51fc155a5","43538.jpg","http://assets.myntassets.com/v1/images/style/properties/French-Connection-Women-Blue-Top_1230fe55a5335d7405f43cb5c43b3c90_images.jpg"
"2152bbfa-39f4-4238-b5b8-f238707e9c22","8325.jpg","http://assets.myntassets.com/v1/images/style/properties/e046ebf7dbb7ae5d9dd7980c21d264ac_images.jpg"
"0ac2de9d-7e01-45e3-ba17-912023f3fa6a","31118.jpg","http://assets.myntassets.com/v1/images/style/properties/1e3b40d501f5fbbceeab3879db474932_images.jpg"
"a7fbb025-225d-4fe4-a43c-0265068d7d12","19772.jpg","http://assets.myntassets.com/v1/images/style/properties/4ce7d857814ce0fec13e120fe55522c9_images.jpg"
"d932b98c-d1ea-4318-8b8d-ebd5ade3c29b","46876.jpg","http://assets.myntassets.com/v1/images/style/properties/c572452716fa31fb03fa32d43629e335_images.jpg"
"e115b2ea-1c7d-4182-8fa0-2f160f422b0a","5862.jpg","http://assets.myntassets.com/v1/images/style/properties/9f9f083996862e825eb0ffb32ed9db31_images.jpg"
"7c3849e9-2d77-403a-97d7-b6855fe871df","39711.jpg","http://assets.myntassets.com/v1/images/style/properties/11a62fad1b3fe096677f18cc0e7e75b9_images.jpg"
"3e68c95e-84be-43f4-ad58-cf0fecb11e13","14409.jpg","http://assets.myntassets.com/v1/images/style/properties/749afc6258261f28bcd6b94c30f75cba_images.jpg"
"89424dfd-426a-4e28-ab85-3d927d2ba541","58726.jpg","http://assets.myntassets.com/v1/images/style/properties/Puma-Men-Grey-T-shirt_cf275e8d9abdab9e307d6adbf8fc6d9f_images.jpg"
"bc91b718-b342-4856-8971-d857f5c1646d","44379.jpg","http://assets.myntassets.com/v1/images/style/properties/Adidas-Men-Intense-Touch-100-ml-Perfume_97ab5eb6f4451e4af2913edbfde91f54_images.jpg"
"dd0fb0e9-a531-4d85-8b12-95a31a55d11b","11947.jpg","http://assets.myntassets.com/v1/images/style/properties/464879391de4e1a7b881dad3b7bd83a8_images.jpg"
"2c56bff5-1301-46f9-b513-0ab40124387b","36759.jpg","http://assets.myntassets.com/v1/images/style/properties/6addf68b5c1108a0db895cba2157c21f_images.jpg"
"94aa7826-a2d1-4783-b518-152ea5231cec","51499.jpg","http://assets.myntassets.com/v1/images/style/properties/689197cf54631e679c2db7ec742a6e09_images.jpg"
"4bd993c3-be0b-4edc-be2c-ef850e75f06a","29583.jpg","http://assets.myntassets.com/v1/images/style/properties/f8bdfe085e37908f16bd5a9f16660748_images.jpg"
"9ced5e92-c50e-43bf-934c-ab85c73b6ff0","55805.jpg","http://assets.myntassets.com/v1/images/style/properties/SDL-by-Sweet-Dreams-Women-Pink---Black-Pyjama-Set_29ef1a45af8f10f5c12737350c74cfc5_images.jpg"
"cd132c04-68e2-4822-955f-198378bb983f","7709.jpg","http://assets.myntassets.com/v1/images/style/properties/dc428dc4301332468e7c6f8070c8f06b_images.jpg"
"c67bf4ea-ab08-43f3-b59b-5e0227eeab0d","28451.jpg","http://assets.myntassets.com/v1/images/style/properties/07555cd5a97cd7ff5492fd344348dfcf_images.jpg"
"40c0bacc-0fda-4518-851f-6f942187d6ea","43960.jpg","http://assets.myntassets.com/v1/images/style/properties/b150acdcab19e99002215aa95bffa983_images.jpg"
"75251222-cd1e-4fa4-bb50-f8c255a21413","8741.jpg","http://assets.myntassets.com/v1/images/style/properties/91351f3c000928d10198c09cfa04611b_images.jpg"
"81456f40-a306-44e9-af5e-863e2d166909","55039.jpg","http://assets.myntassets.com/v1/images/style/properties/Lakme-Absolute-Matte-Merlot-Lipstick-45_bc13569d8288f127c70c917c9c75bb24_images.jpg"
"73779975-4118-4621-b41f-91852d7d3d76","19316.jpg","http://assets.myntassets.com/v1/images/style/properties/300c59d24b13b183d08ceee39e5e3aad_images.jpg"
"c32b72e8-fe98-47b9-99fd-643a4e6bde79","27419.jpg","http://assets.myntassets.com/v1/images/style/properties/2ebe09ca473dc308c580e25f41fdd66f_images.jpg"
"ede1e6e4-1cd5-4a09-8c4d-68d186765789","34832.jpg","http://assets.myntassets.com/v1/images/style/properties/0eeb810eac77b956c5b62381e1f3010b_images.jpg"
"89e44048-f293-4d0b-9e5d-de3fffaec093","23885.jpg","http://assets.myntassets.com/v1/images/style/properties/FILA-Men-Sports-Shoes_f76566f76f49de0fdea5bedbe1c7db67_images.jpg"
"dd139a21-130a-49b1-ad44-7ccc1070dfd2","19918.jpg","http://assets.myntassets.com/v1/images/style/properties/567c1373b2efe229d5da57fb9e3eef34_images.jpg"
"5e13d06d-cdc9-4e2e-a2d4-78562d4fa16c","22359.jpg","http://assets.myntassets.com/v1/images/style/properties/d839e1d71382ca6708416dbf6bfa9054_images.jpg"
"dd48a373-de96-4302-a810-43820e6a8496","19124.jpg","http://assets.myntassets.com/v1/images/style/properties/cd1874ab726cad7a6439f3886af1bd35_images.jpg"
"3d6eea22-98e8-4318-ab43-b357668896d0","16950.jpg","http://assets.myntassets.com/v1/images/style/properties/Image-Men-Sunglasses_f0ae900da0cad44ab4c6b106005185a1_images.jpg"
"26cf2247-6fd1-4955-a396-c429f22e852c","49654.jpg","http://assets.myntassets.com/v1/images/style/properties/4066aebdb467176a1e68e7b5c402130a_images.jpg"
"31e328df-a4f4-4816-8248-eb013ba4f5a0","48786.jpg","http://assets.myntassets.com/v1/images/style/properties/0454e503672f5f615a92e6c2a424bec6_images.jpg"
"b9105463-fd50-4347-baa8-2c904bf4bb74","2049.jpg","http://assets.myntassets.com/v1/images/style/properties/5b7333bbf40e95f4c57e24d65903288d_images.jpg"
"8d393e51-a111-441b-ab40-c405ee4c694b","17882.jpg","http://assets.myntassets.com/v1/images/style/properties/1f3bf985f8d74b38a6606f020ea03146_images.jpg"
"2a966e35-751c-4f7a-ad0e-cc2e22d01259","44977.jpg","http://assets.myntassets.com/v1/images/style/properties/84c52f370e03f1f4b0cc84d51d5022bb_images.jpg"
"9216ca2b-7048-4983-87c9-1821b695d29a","33019.jpg","http://assets.myntassets.com/v1/images/style/properties/8025d48579dca906daf4b3a72407715b_images.jpg"
"2060b5bd-f904-40a1-b296-79effd3003cd","41439.jpg","http://assets.myntassets.com/v1/images/style/properties/09edfdb4c1dc1478ea35507b0bdc41ce_images.jpg"
"6bd22afa-175b-49fc-8b1f-e60e947dd708","39523.jpg","http://assets.myntassets.com/v1/images/style/properties/2bbf55264e3e2ae8ed8763435341fb9e_images.jpg"
"d568700a-bbdc-4ed6-b210-3c79bcfbd04a","52812.jpg","http://assets.myntassets.com/v1/images/style/properties/6b1327e37cd1b6e78b1285ae76dff28a_images.jpg"
"1c5f537f-9834-44d3-a0ee-fdc218940666","11349.jpg","http://assets.myntassets.com/v1/images/style/properties/cd76a36fca88fe74d1d25ee7fd96881a_images.jpg"
"c3a7a88b-fa0e-4fc6-a46b-6158ec2cf4f6","24892.jpg","http://assets.myntassets.com/v1/images/style/properties/7806d266865c89cb087a259ab7250e01_images.jpg"
"493a8457-1ace-4ad3-9850-b8bae250f9ce","58514.jpg","http://assets.myntassets.com/v1/images/style/properties/Tonga-Women-Grey-Top_f73ea340974e7cc7cb4db18f7889cec7_images.jpg"
"6d06f43a-8e5e-4b03-bac1-312f0e740b0a","33825.jpg","http://assets.myntassets.com/v1/images/style/properties/ab41fd1858b59cd914b435332ed2bffe_images.jpg"
"a835f3cf-6fd3-4d9e-9e82-3d0c531f75a0","25940.jpg","http://assets.myntassets.com/v1/images/style/properties/2cd34561dd4ed25df6d9fd070a9e88d9_images.jpg"
"2cf3f8a7-5e04-4b87-822f-4eeaa76f0ba1","38637.jpg","http://assets.myntassets.com/v1/images/style/properties/048477a26c1da1d6aa87134c253ab97b_images.jpg"
"50feaa80-5466-4b08-8dc3-a7b633b916e9","5896.jpg","http://assets.myntassets.com/v1/images/style/properties/57601ed1977aecafecafbfb1fe49a424_images.jpg"
"e622c9cc-6938-43de-b456-2a5799101d68","4944.jpg","http://assets.myntassets.com/v1/images/style/properties/a8b30e5a5ba28fc928c0b64cda5811e4_images.jpg"
"5ecb7535-39dd-4f58-bd20-d6396091fae4","10861.jpg","http://assets.myntassets.com/v1/images/style/properties/adf22f809f604e821145a616e4766061_images.jpg"
"88eb0063-c056-4d8a-975a-8f207933d617","59600.jpg","http://assets.myntassets.com/v1/images/style/properties/FNF-Rust---Green-Collection-for-Wedding-Sari_8a5ee22b73ef48ec683e77ba3b8de5a4_images.jpg"
"add253d8-1893-46ce-b14d-95112e93735e","42846.jpg","http://assets.myntassets.com/v1/images/style/properties/79bf6743e22d6c1a225540a4ab1731a6_images.jpg"
"39040bda-4028-4c9f-9f8e-21471c656417","35128.jpg","http://assets.myntassets.com/v1/images/style/properties/dc28614f846de2d3dd6d2935f88c4a01_images.jpg"
"2e241101-6c6c-45c4-a07f-824df6a81d00","47508.jpg","http://assets.myntassets.com/v1/images/style/properties/ff75150c15d512495e88a438db10884d_images.jpg"
"d974b7a7-d216-43d6-a7e3-55594826fb76","54923.jpg","http://assets.myntassets.com/v1/images/style/properties/Do-u-speak-Green-Girls-Olive-34-Pant_62311570aeebd7385030de554584a065_images.jpg"
"3502da0a-fbe5-4540-ae3d-94a3454ad1bb","43994.jpg","http://assets.myntassets.com/v1/images/style/properties/5c7d3d8c3d1d6cc0f1cdbe550220bc73_images.jpg"
"5f1607e8-12e1-483b-ae2e-3d0087f0d5b1","17278.jpg","http://assets.myntassets.com/v1/images/style/properties/b6ce9035b4f54b8733940f2f10e2e0d4_images.jpg"
"0c084740-10db-421c-ba00-ebec51c8a495","31588.jpg","http://assets.myntassets.com/v1/images/style/properties/d6c2a243dd5227d7ae5d10156477c38a_images.jpg"
"964a0914-b809-4f17-b4e2-7fa851794acd","49492.jpg","http://assets.myntassets.com/v1/images/style/properties/Vans-Men-Maroon---Grey-Era-Shoes_f95fd18a6cf5c1deede9c2a3304cfd2c_images.jpg"
"e188a397-f8d9-41f6-9139-4fed5d3c3511","18230.jpg","http://assets.myntassets.com/v1/images/style/properties/4a8e310b6a7184ea58ad3a7dc8590b27_images.jpg"
"ef37a303-ec0d-4632-821f-ea6dfae0e766","23871.jpg","http://assets.myntassets.com/v1/images/style/properties/be625a96a46f91544eb611751026314f_images.jpg"
"5eb5308f-cefb-4fbb-a293-1d8f29f6e11b","9667.jpg","http://assets.myntassets.com/v1/images/style/properties/ceb79e65e6f47c0364f0e4dec3331178_images.jpg"
"273e1293-1216-4341-bbea-6759f5df7f81","16198.jpg","http://assets.myntassets.com/v1/images/style/properties/0d44368c0dedf58c07d1ff32ee194abc_images.jpg"
"edeb399f-521a-4231-9343-5b84e13b2e05","3953.jpg","http://assets.myntassets.com/v1/images/style/properties/812fff8546b72c2f4bea1cf9a0ac0f13_images.jpg"
"f9b5e366-f360-4143-80d3-9b11dcb98314","29745.jpg","http://assets.myntassets.com/v1/images/style/properties/Fossil-Men-Quartz-Chronograph-Watch_575c8fdbe42720059478b19e9dfd5e55_images.jpg"
"f17dc247-e846-4c51-8388-9aa937386077","28697.jpg","http://assets.myntassets.com/v1/images/style/properties/7cc9d6974c744535b7343cc863082311_images.jpg"
"9db7de7a-5e03-40a3-b803-2ef1b50aaf91","12538.jpg","http://assets.myntassets.com/v1/images/style/properties/eb3a69a17b6a64c1ad62a00796b91824_images.jpg"
"8108297a-2632-4f5c-908d-c41d41fedaed","8587.jpg","http://assets.myntassets.com/v1/images/style/properties/d9497aae4ed436340a1b6764ddc052ce_images.jpg"
"9bad160a-6349-4211-97a2-4c6e60c4f189","42248.jpg","http://assets.myntassets.com/v1/images/style/properties/e0da05b38a2fe03cace0a8fbddc65006_images.jpg"
"166946d5-8d9b-47ab-ac70-1fe242fa78db","48772.jpg","http://assets.myntassets.com/v1/images/style/properties/33c356143683cffa7582fc7fa85d640f_images.jpg"
"5b13be58-bd9b-4776-a1d0-3aa054d3d789","17876.jpg","http://assets.myntassets.com/v1/images/style/properties/6ad5930365254d23fcfd8aaabe39d7fd_images.jpg"
"227de803-c8bf-4ab0-89f8-560a81489b2b","30668.jpg","http://assets.myntassets.com/v1/images/style/properties/ca1ea916513e30ffbd8d0f3d48460752_images.jpg"
"e236e00f-82e4-4acf-a78e-7a4e0e3a8ab0","9455.jpg","http://assets.myntassets.com/v1/images/style/properties/b51ddd8d00fdcb3261069363d18b6763_images.jpg"
"ce533cbe-9c09-4548-b7b2-1346d17f6933","18002.jpg","http://assets.myntassets.com/v1/images/style/properties/c6a98b1107df02d5791d0006235939df_images.jpg"
"dd71718b-6f76-47ac-b939-003ba9d1145f","44983.jpg","http://assets.myntassets.com/v1/images/style/properties/819aca72eadcdd53e95d1631aae2e701_images.jpg"
"31e8676f-b12d-4c55-8590-c44b7e7a7faa","38405.jpg","http://assets.myntassets.com/v1/images/style/properties/059445627a9611d38218864729d5eeb0_images.jpg"
"fd7b62ec-fb53-41ed-a2cd-6df542170928","53934.jpg","http://assets.myntassets.com/v1/images/style/properties/KIARA-Women-Brown-Handbag_98bb55cffd970f479b59b9e16d0713b6_images.jpg"
"cea157de-5d4d-4179-a93e-978a0bc56aa4","1638.jpg","http://assets.myntassets.com/v1/images/style/properties/332172e96e45f1a6d5ba979215736176_images.jpg"
"c9e42087-fb9a-4a61-8f0d-6c753eee9a6b","25188.jpg","http://assets.myntassets.com/v1/images/style/properties/dabc32d2b3e99f80ef908374f84d161c_images.jpg"
"58e607a8-8a4a-4457-a7ce-fa56506a1aec","24866.jpg","http://assets.myntassets.com/v1/images/style/properties/048fb21b5cddf5bf4bafb5b507ba9872_images.jpg"
"2d68566c-bdfd-4df5-9fa0-9b6cd501aead","53108.jpg","http://assets.myntassets.com/v1/images/style/properties/Fabindia-Silver-Earrings_35496103f164781c2264c2467b46a846_images.jpg"
"86762581-f4c6-42a2-8d89-2ca7366bff1f","21528.jpg","http://assets.myntassets.com/v1/images/style/properties/348a1c79e91c3c74047eecd5dd374957_images.jpg"
"290b95c2-df29-4472-ba56-10f48f1ee6ce","59432.jpg","http://assets.myntassets.com/v1/images/style/properties/Spice-Art-Women-Black-Handbag_2bf4728580599984a2a555db977b9e35_images.jpg"
"4d4850dc-ec32-4ec2-b02f-60813ff9973c","32903.jpg","http://assets.myntassets.com/v1/images/style/properties/Allen-Solly-Women-Red-Shorts_a99033bbbb95bbf0b9cc2945a99e5f18_images.jpg"
"fa83ab0a-a928-4d30-88a3-06f7280edb9f","6079.jpg","http://assets.myntassets.com/v1/images/style/properties/4ac891da14f596c2e69f75cfb8d1a56a_images.jpg"
"2c55213a-37c7-4fa8-8007-fcac7f481040","12960.jpg","http://assets.myntassets.com/v1/images/style/properties/81780f9a8eebc7fb3d57ffffa7f455ae_images.jpg"
"b1b4b9e0-7514-4bf3-beac-c40c0a0c32ed","29321.jpg","http://assets.myntassets.com/v1/images/style/properties/08ba360a042300fffa932e37235edd6d_images.jpg"
"365606bf-9c9a-4a26-b532-830c94b3bf57","9031.jpg","http://assets.myntassets.com/v1/images/style/properties/c42e34c84003a87f8fc0d5694e82d4c3_images.jpg"
"f2f66da9-252e-4711-9c1d-3b73e2987faa","6845.jpg","http://assets.myntassets.com/v1/images/style/properties/faf1d3dd73a661e25ed526e28fd8ea85_images.jpg"
"9ffba8f8-ae9e-47ab-874f-da8394fdd265","18466.jpg","http://assets.myntassets.com/v1/images/style/properties/4d321b82e59d37960f77916416a4d594_images.jpg"
"f7c031bc-9c0c-44dd-8ade-bb02fb3dabc6","26369.jpg","http://assets.myntassets.com/v1/images/style/properties/2b2bb303e1b844960d62d84888b226e0_images.jpg"
"9d21be26-e42a-415d-ada0-4197cee7ac01","33489.jpg","http://assets.myntassets.com/v1/images/style/properties/47d964476bfd4b4c30627d74c4f6a94d_images.jpg"
"32a98748-bb64-4830-9281-3d912f25aff0","59056.jpg","http://assets.myntassets.com/v1/images/style/properties/Carlton-London-Women-Blue---Cream-Shoes_243d3b1aebc988e696a0ea409daff4bf_images.jpg"
"fc31b2e0-1dcc-4095-a81f-7f69e1572c2e","15379.jpg","http://assets.myntassets.com/v1/images/style/properties/593368a3e9649a12de803e50fa2ed17a_images.jpg"
"4f8abbad-753b-4849-8c4b-7314142fd526","45409.jpg","http://assets.myntassets.com/v1/images/style/properties/54af17814bd8787468092abb74e7636a_images.jpg"
"e25b3ae8-05ec-4cc4-b79e-1dfe5ffce7b4","56822.jpg","http://assets.myntassets.com/v1/images/style/properties/John-Players-Men-Beige-Shorts_121cc979460c6139c92c31e560abc152_images.jpg"
"73a55028-e144-4860-9bb7-c9961ac0af56","58184.jpg","http://assets.myntassets.com/v1/images/style/properties/Rocky-S-Women-Beige-Handbag_cf13243aa8a7454917b557edd377d46e_images.jpg"
"385d1f43-3b23-43f8-9e54-d62ec3925e7f","40947.jpg","http://assets.myntassets.com/v1/images/style/properties/ecfcc90e4ae597955732adf2680b9fa3_images.jpg"
"06120d4c-a68b-4d07-a6fb-fc71cd0a9f34","39381.jpg","http://assets.myntassets.com/v1/images/style/properties/78bf924de236777a9bc6662b076449e4_images.jpg"
"ec479eb9-da93-491f-9c64-9ddaa0574837","15977.jpg","http://assets.myntassets.com/v1/images/style/properties/0a031662373e7c27ae1415f5afb76e42_images.jpg"
"74e4ba43-8c39-4585-b37a-6624dcd3c0c8","32769.jpg","http://assets.myntassets.com/v1/images/style/properties/f811ce4aaa2f4c37fc962f2c069f0ee4_images.jpg"
"b8f334ae-9ecd-42f9-ae9e-c9012d39ff4f","10439.jpg","http://assets.myntassets.com/v1/images/style/properties/6703b9bc9762e04f4e53afaa0aaecb3d_images.jpg"
"7ecea5e4-cdab-4d22-b2fc-7ae0099e46d9","59264.jpg","http://assets.myntassets.com/v1/images/style/properties/Titan-Women-White-Watch_4f0365e5beb2f39bd6f333064101cb06_images.jpg"
"6e5b4830-e92e-41c1-8706-e8cd7a2848c7","14099.jpg","http://assets.myntassets.com/v1/images/style/properties/1c2d217895f9a1bf02a20b09084491da_images.jpg"
"596e0f30-0ebf-4de3-bb2a-38770effdef2","1852.jpg","http://assets.myntassets.com/v1/images/style/properties/2e95da933ac14a9c46b2629146a5ad51_images.jpg"
"c014ac67-df0a-4c7e-83fa-ccae2b0f1614","30802.jpg","http://assets.myntassets.com/v1/images/style/properties/51e88043cd7d2b28569c641fdb2fdc4c_images.jpg"
"f857c270-e77c-4a62-9d6f-e3c965b9bd23","51009.jpg","http://assets.myntassets.com/v1/images/style/properties/Enamor-Rose-Full-Figure-Bra_d04d8cdbc6cef8399424eb4aa236a47b_images.jpg"
"26a93a24-3cb8-4eef-bfeb-efc39ecdb578","29113.jpg","http://assets.myntassets.com/v1/images/style/properties/305e775fce152c8d7ad4334dee5d2cae_images.jpg"
"f414ec8e-1ba8-4983-8473-629d658ffdbb","7399.jpg","http://assets.myntassets.com/v1/images/style/properties/f100c2c689ac3bf1ecbf643b1921c001_images.jpg"
"a946e85d-c5df-4d3c-a733-f4bf74d97e2d","26967.jpg","http://assets.myntassets.com/v1/images/style/properties/85d720a91f528535d65276aabff0ee69_images.jpg"
"30775106-21c2-40ad-b761-28b38395dbab","27089.jpg","http://assets.myntassets.com/v1/images/style/properties/fb270d2a6f06ba2d0736b2700ee916eb_images.jpg"
"24b45e25-fc92-441d-a9cb-27affedcb66a","48124.jpg","http://assets.myntassets.com/v1/images/style/properties/6b6891bafdee4f7a91dc6198bb172de1_images.jpg"
"69bfdf97-bf59-44fd-9a64-584eb1f32216","9203.jpg","http://assets.myntassets.com/v1/images/style/properties/70ffebcb332030e98e65461076ac2fb0_images.jpg"
"754a7ac7-391b-460b-8d93-3897f0dac428","51835.jpg","http://assets.myntassets.com/v1/images/style/properties/0e1d36b05c6bd99ed90a50af5f4000a7_images.jpg"
"22769210-d170-44c6-bd1e-b2fe2a5e5667","3739.jpg","http://assets.myntassets.com/v1/images/style/properties/0c4bbbabc7387cf6190f60f42d28782c_images.jpg"
"f076f967-eec4-4bd0-bbfc-3a6c5fab2117","19786.jpg","http://assets.myntassets.com/v1/images/style/properties/4dcc3b32e48ebb49502a3384edff6ccf_images.jpg"
"082e7977-f66a-472b-b45f-57b17bd0649e","44948.jpg","http://assets.myntassets.com/v1/images/style/properties/39cef2982137215d71ed41a558159659_images.jpg"
"f95736a7-0aa5-4231-8c71-d7ec26f7e667","24091.jpg","http://assets.myntassets.com/v1/images/style/properties/cd8e03fcea2341e5cf5dfad3a47734d3_images.jpg"
"7973510d-071e-4267-9f19-ce7b5ddedc99","57563.jpg","http://assets.myntassets.com/assets/images/57563/2016/11/21/11479705887376-Lotus-Herbals-Pure-Colours-Nutty-Brown-Lipstick-666-2131479705887284-1.jpg"
"d9994b7b-451d-438a-94f1-98fcf19c0b4d","33026.jpg","http://assets.myntassets.com/v1/images/style/properties/Mother-Earth-Women-Red-Kurta_573ea7192ffd5b39893b3eda44983b1f_images.jpg"
"e2a13dc3-e78e-4845-a733-f8580d458e0e","41406.jpg","http://assets.myntassets.com/v1/images/style/properties/8801f4359aee713a7036663fd1684d60_images.jpg"
"17f57758-82fd-4bcc-8816-b274c4b99ad9","11376.jpg","http://assets.myntassets.com/v1/images/style/properties/9aeb7516044919916346d95f0a5d2c99_images.jpg"
"a4759b41-7239-466c-b003-9142f4d87068","25143.jpg","http://assets.myntassets.com/v1/images/style/properties/Lino-Perros-Women-Silver-Clutchd9e16c28cd153b082ef61c4f6765a109_images.jpg"
"cb8fd4cf-cc2d-4913-89ec-65c1ec1dddbb","44174.jpg","http://assets.myntassets.com/v1/images/style/properties/2dd0e7200dcf5daacf75e84254cf44da_images.jpg"
"00f9b371-4229-49be-8027-5744cfc63d56","5253.jpg","http://assets.myntassets.com/v1/images/style/properties/Wildcraft-Unisex-Black---Grey-Printed-Duffle-Bag-Cum-Backpack_690474057244f1cc1f6c1f546fe244e9_images.jpg"
"3cfac928-8578-4d44-a417-8f2ace05f20d","20431.jpg","http://assets.myntassets.com/v1/images/style/properties/a37f66d6f15149ddeeaf17f4cdfd13d3_images.jpg"
"2166ae79-acc4-4102-a64e-cf519b595b64","14604.jpg","http://assets.myntassets.com/v1/images/style/properties/ddb28ca95c2f393d91fbc1480d4052b8_images.jpg"
"4c00e6db-a1d5-40cd-8214-e5e431dfcf7e","4381.jpg","http://assets.myntassets.com/v1/images/style/properties/9af8eb6d150cbf09178137613fb1e594_images.jpg"
"0bf4104c-455f-40cd-b717-0f40ccd76ad5","46623.jpg","http://assets.myntassets.com/v1/images/style/properties/8705fb78a89aedee509372dabeb00045_images.jpg"
"bc0f57f7-53f8-465e-8a8c-b36e4319450e","19927.jpg","http://assets.myntassets.com/v1/images/style/properties/3fa8e7f3bd3eeb217a8cb060d1db2567_images.jpg"
"a96aeaf8-431b-4d6e-b53c-4d7153ab8469","7504.jpg","http://assets.myntassets.com/v1/images/style/properties/45238d144ec35bc28a35230fb0f7934b_images.jpg"
"6509cc1a-c9eb-4db5-8f74-affb1e790352","22366.jpg","http://assets.myntassets.com/v1/images/style/properties/b470ee8121b08981d0e1385aaf7b4f46_images.jpg"
"98135fec-ff68-481a-917a-72904ecd6923","3998.jpg","http://assets.myntassets.com/v1/images/style/properties/91352b9549b9c0d570180dd1be12738d_images.jpg"
"c9215f8e-020a-4dfc-87fb-2fae6dbbb16d","51694.jpg","http://assets.myntassets.com/v1/images/style/properties/Van-Heusen-Unisex-Brown-Sunglasses_c9daa6b4b86307e4a8ce1f4576923e67_images.jpg"
"582eaf38-b8dd-4cff-815b-0ef7330b3cec","16153.jpg","http://assets.myntassets.com/v1/images/style/properties/c80c08ee91ff76e9ef5f3ec53fc6b6a7_images.jpg"
"3f380b72-eb62-4a3b-ba00-9ae42d955373","17081.jpg","http://assets.myntassets.com/v1/images/style/properties/8adcbdc72af005d52b053e6dd93ecc2c_images.jpg"
"d6277ad9-eda7-4149-b197-c941d13bab1b","50746.jpg","http://assets.myntassets.com/v1/images/style/properties/70545e7653ee98ed7a82d2b13fc2d93b_images.jpg"
"eb2e6c03-6615-4702-b856-4c38755ba684","34203.jpg","http://assets.myntassets.com/v1/images/style/properties/Proline-Men-Grey-Track-Pants_0bfd1e2ecdfb383b0b95593b68ef704d_images.jpg"
"ed083608-cd8a-4b97-a1e4-59a645860a9a","55234.jpg","http://assets.myntassets.com/assets/images/55234/2018/5/3/11525323471619-Lakme-9to5-Flawless-Makeup-Marble-Foundation-7751525323471576-1.jpg"